0, Кафедра химии / физической химии, 2.4.6. - Теоретическая и прикладная теплотехника, 2.6.4. - Обработка металлов давлением, 2.2.4. - Приборы и методы измерения (по видам измерений), 2.6.13. - Процессы и аппараты химических технологий, 1.3.18. - Физика пучков заряженных частиц и ускорительная техника, 1.4.14. - Кинетика и катализ, 1.3.6. - Оптика, 2.6.3. - Литейное производство, 1.4.13. - Радиохимия, 5.7.6. - Философия науки и техники, 3.3.4. - Токсикология, 2.6.9. - Технология электрохимических процессов и защита от коррозии, 3.3.5. - Судебная медицина, 2.6.10. - Технология органических веществ, 1.3.9. - Физика плазмы, 1.3.13. - Электрофизика, электрофизические установки, 1.3.4. - Радиофизика, 1.5.9. - Ботаника, 1.3.5. - Физическая электроника, 3.1.3. - Оториноларингология, 1.3.17. - Химическая физика, горение и взрыв, физика экстремальных состояний вещества, 1.1.10. - Биомеханика и биоинженерия, 1.3.21. - Медицинская физика, 2.2.1. - Вакуумная и плазменная электроника, 2.6.7. - Технология неорганических веществ, 1.3.10. - Физика низких температур, 1.4.9. - Биоорганическая химия, 1.3.20. - Кристаллография, физика кристаллов, 1.4.4. - Физическая химия, 2.6.12. - Химическая технология топлива и высокоэнергетических веществ, 1.3.16. - Атомная и молекулярная физика, 5.9.5. - Русский язык. Языки народов России, 1.5.3. - Молекулярная биология, 1.5.7. - Генетика, 3.2.1. - Гигиена, 3.2.4. - Медицина труда, 1.5.6. - Биотехнология, 1.3.3. - Теоретическая физика, 1.3.8. - Физика конденсированного состояния, 1.4.7. - Высокомолекулярные соединения, 1.3.14. - Теплофизика и теоретическая теплотехника, 1.1.9. - Механика жидкости, газа и плазмы, 1.4.3. - Органическая химия, 1.4.8. - Химия элементоорганических соединений, 3.3.6. - Фармакология, клиническая фармакология, 3.1.12. - Анестезиология и реаниматология, 3.1.9. - Хирургия, 1.4.16. - Медицинская химия, 1.5.4. - Биохимия, 2.6.2. - Металлургия черных, цветных и редких металлов, 1.1.1. - Вещественный, комплексный и функциональный анализ, 1.3.19. - Лазерная физика, 1.4.1. - Неорганическая химия, 2.2.2. - Электронная компонентная база микро- и наноэлектроники, квантовых устройств, 1.6.4. - Минералогия, кристаллография. Геохимия, геохимические методы поисков полезных ископаемых, 5.6.6. - История науки и техники, 1.5.18. - Микология, 1.4.10. - Коллоидная химия, 2.6.1. - Металловедение и термическая обработка металлов и сплавов, 3.1.29. - Пульмонология, 1.3.11. - Физика полупроводников, 1.3.15. - Физика атомных ядер и элементарных частиц, физика высоких энергий, 1.3.2. - Приборы и методы экспериментальной физики, 2.6.8. - Технология редких, рассеянных и радиоактивных элементов, 3.4.3. - Организация фармацевтического дела, 1.4.15. - Химия твердого тела, 2.6.6. - Нанотехнологии и наноматериалы, 1.4.2. - Аналитическая химия, 2.4.4. - Электротехнология и электрофизика, 1.5.2. - Биофизика, 1.4.6. - Электрохимия, 1.3.12. - Физика магнитных явлений, 1.4.12. - Нефтехимия, 1.5.24. - Нейробиология, 1.4.11. - Бионеорганическая химия, 1.4.5. - Хемоинформатика
1, Кафедра систем управления / менеджмента, 2.1.4. - Водоснабжение, канализация, строительные системы охраны водных ресурсов, 3.3.5. - Судебная медицина, 5.8.3. - Коррекционная педагогика, 5.4.7. - Социология управления, 5.4.1. - Теория, методология и история социологии, 5.3.8. - Коррекционная психология и дефектология, 5.4.5. - Политическая социология, 3.2.5. - Медицинская психология, 5.1.1. - Теоретико-исторические правовые науки, 5.1.2. - Публично-правовые (государственно-правовые) науки, 2.3.1. - Системный анализ, управление и обработка информации, статистика, 5.8.1. - Общая педагогика, история педагогики и образования, 5.8.2. - Теория и методика обучения и воспитания (по областям и уровням образования), 3.2.4. - Медицина труда, 5.8.7. - Методология и технология профессионального образования, 5.3.5. - Социальная психология, политическая и экономическая психология, 5.1.4. - Уголовно-правовые науки, 5.2.3. - Региональная и отраслевая экономика, 5.2.6. - Менеджмент, 5.3.3. - Психология труда, инженерная психология, когнитивная эргономика, 2.5.22. - Управление качеством продукции. Стандартизация. Организация производства, 5.2.4. - Финансы, 5.4.4. - Социальная структура, социальные институты и процессы, 5.7.7. - Социальная и политическая философия, 5.5.3. - Государственное управление и отраслевые политики, 4.3.3. - Пищевые системы, 2.9.1. - Транспортные и транспортно-технологические системы страны, ее регионов и городов, организация производства, 2.9.9. - Логистические транспортные системы, 3.1.15. - Сердечно-сосудистая хирургия, 3.1.9. - Хирургия, 3.2.6. - Безопасность в чрезвычайных ситуациях, 5.6.2. - Всеобщая история, 5.6.7. - История международных отношений и внешней политики, 3.1.18. - Внутренние болезни, 5.3.4. - Педагогическая психология, психодиагностика цифровых образовательных сред, 2.3.4. - Управление в организационных системах, 2.3.6. - Методы и системы защиты информации, информационная безопасность, 2.2.11. - Информационно-измерительные и управляющие системы, 2.9.4. - Управление процессами перевозок, 5.2.7. - Государственное и муниципальное управление, 5.4.2. - Экономическая социология, 2.8.10. - Охрана труда, промышленная безопасность, безопасность в чрезвычайных ситуациях (недропользование)
2, Кафедра Технология, 2.8.2. - Технология бурения и освоения скважин, 2.1.7. - Технология и организация строительства, 2.2.16. - Радиолокация и радионавигация, 1.3.6. - Оптика, 2.5.2. - Машиноведение, 5.7.6. - Философия науки и техники, 1.3.5. - Физическая электроника, 5.6.8. - Документалистика, документоведение, архивоведение, 2.6.15. - Мембраны и мембранная технология, 2.2.1. - Вакуумная и плазменная электроника, 2.2.6. - Оптические и оптико-электронные приборы и комплексы, 2.4.10. - Техносферная безопасность (в энергетике), 4.3.1. - Технологии, машины и оборудование для агропромышленного комплекса, 4.3.2. - Электротехнологии, электрооборудование и энергоснабжение агропромышленного комплекса, 2.5.21. - Машины, агрегаты и технологические процессы, 5.8.1. - Общая педагогика, история педагогики и образования, 5.8.2. - Теория и методика обучения и воспитания (по областям и уровням образования), 5.8.7. - Методология и технология профессионального образования, 2.5.8. - Сварка, родственные процессы и технологии, 2.6.17. - Материаловедение, 5.3.3. - Психология труда, инженерная психология, когнитивная эргономика, 2.2.8. - Методы и приборы контроля и диагностики материалов, изделий, веществ и природной, 2.5.22. - Управление качеством продукции. Стандартизация. Организация производства, 2.3.5. - Математическое и программное обеспечение вычислительных систем, комплексов и компьютерных сетей, 2.4.2. - Электротехнические комплексы и системы, 1.2.3. - Теоретическая информатика, кибернетика, 2.6.16. - Технология производства изделий текстильной и легкой промышленности, 2.2.13. - Радиотехника, в том числе системы и устройства телевидения, 2.2.14. - Антенны, СВЧ-устройства и их технологии, 2.2.3. - Технология и оборудование для производства материалов и приборов электронной техники, 2.3.8. - Информатика и информационные процессы, 5.3.4. - Педагогическая психология, психодиагностика цифровых образовательных сред, 2.3.3. - Автоматизация и управление технологическими процессами и производствами, 5.6.6. - История науки и техники, 2.2.15. - Системы, сети и устройства телекоммуникаций, 2.5.9. - Методы и приборы контроля и диагностики материалов, изделий, веществ и природной, 2.6.14. - Технология силикатных и тугоплавких неметаллических материалов, 2.5.5. - Технология и оборудование механической и физико-технической обработки, 2.5.6. - Технология машиностроения, 2.2.9. - Проектирование и технология приборостроения и радиоэлектронной аппаратуры, 2.4.1. - Теоретическая и прикладная электротехника, 2.5.1. - Инженерная геометрия и компьютерная графика. Цифровая поддержка жизненного цикла изделий, 2.4.4. - Электротехнология и электрофизика, 1.2.4. - Кибербезопасность, 2.4.11. - Светотехника
3, Кафедра Фармакология, 4.1.5. - Мелиорация, водное хозяйство и агрофизика, 5.7.9. - Философия религии и религиоведение, 3.1.23. - Дерматовенерология, 1.4.14. - Кинетика и катализ, 2.6.3. - Литейное производство, 3.3.4. - Токсикология, 2.6.10. - Технология органических веществ, 1.5.9. - Ботаника, 1.5.8. - Математическая биология, биоинформатика, 3.1.3. - Оториноларингология, 1.1.10. - Биомеханика и биоинженерия, 1.6.5. - Литология, 3.1.19. - Эндокринология, 1.5.14. - Энтомология, 5.11.1. - Теоретическая теология (по исследовательскому направлению: православие, ислам, иудаизм, протестантизм, буддизм), 1.4.9. - Биоорганическая химия, 5.9.5. - Русский язык. Языки народов России, 5.2.5. - Мировая экономика, 1.5.3. - Молекулярная биология, 1.5.7. - Генетика, 3.2.1. - Гигиена, 3.2.4. - Медицина труда, 1.5.5. - Физиология человека и животных, 1.5.6. - Биотехнология, 5.6.1. - Отечественная история, 4.1.6. - Лесоведение, лесоводство, лесные культуры, агролесомелиорация, озеленение, лесная пирология и таксация, 1.4.7. - Высокомолекулярные соединения, 2.5.22. - Управление качеством продукции. Стандартизация. Организация производства, 4.1.3. - Агрохимия, агропочвоведение, защита и карантин растений, 4.1.1. - Общее земледелие и растениеводство, 1.5.17. - Паразитология, 1.5.15. - Экология, 4.3.3. - Пищевые системы, 2.2.12. - Приборы, системы и изделия медицинского назначения, 1.4.3. - Органическая химия, 1.4.8. - Химия элементоорганических соединений, 3.3.6. - Фармакология, клиническая фармакология, 3.1.12. - Анестезиология и реаниматология, 3.1.4. - Акушерство и гинекология, 3.1.21. - Педиатрия, 3.1.9. - Хирургия, 1.5.4. - Биохимия, 5.6.2. - Всеобщая история, 3.1.30. - Гастроэнтерология и диетология, 3.1.18. - Внутренние болезни, 3.3.1. - Анатомия и антропология, 1.5.18. - Микология, 3.1.29. - Пульмонология, 3.4.3. - Организация фармацевтического дела, 4.1.4. - Садоводство, овощеводство, виноградарство и лекарственные культуры, 3.1.13. - Урология и андрология, 1.5.24. - Нейробиология
4, Кафедра теплогазоснабжения / теплогазоснабжения и вентиляции, 2.4.6. - Теоретическая и прикладная теплотехника, 2.8.4. - Разработка и эксплуатация нефтяных и газовых месторождений, 2.6.15. - Мембраны и мембранная технология, 1.3.10. - Физика низких температур, 2.6.12. - Химическая технология топлива и высокоэнергетических веществ, 4.3.2. - Электротехнологии, электрооборудование и энергоснабжение агропромышленного комплекса, 1.6.18. - Науки об атмосфере и климате, 1.3.14. - Теплофизика и теоретическая теплотехника, 2.5.15. - Тепловые, электроракетные двигатели и энергоустановки летательных аппаратов, 2.4.3. - Электроэнергетика, 1.1.9. - Механика жидкости, газа и плазмы, 2.5.10. - Гидравлические машины, вакуумная, компрессорная техника, гидро- и пневмосистемы, 2.4.5. - Энергетические системы и комплексы, 2.1.3. - Теплоснабжение, вентиляция, кондиционирование воздуха, газоснабжение и освещение, 2.5.20. - Судовые энергетические установки и их элементы (главные и вспомогательные), 2.8.5. - Строительство и эксплуатация нефтегазопроводов, баз и хранилищ, 2.6.1. - Металловедение и термическая обработка металлов и сплавов, 2.5.7. - Технологии и машины обработки давлением, 2.4.8. - Машины и аппараты, процессы холодильной и криогенной техники, 2.5.12. - Аэродинамика и процессы теплообмена летательных аппаратов, 2.5.14. - Прочность и тепловые режимы летательных аппаратов, 2.10.1. - Пожарная безопасность
5, Кафедра инженерной геологии / геологии / геологии и разведки, 1.6.6. - Гидрогеология, 1.6.15. - Землеустройство, кадастр и мониторинг земель, 1.6.2. - Палеонтология и стратиграфия, 1.6.19. - Аэрокосмические исследования Земли, фотограмметрия, 1.6.22. - Геодезия, 1.5.14. - Энтомология, 1.6.14. - Геоморфология и палеогеография, 1.6.11. - Геология, поиски, разведка и эксплуатация нефтяных и газовых месторождений, 2.8.1. - Технология и техника геологоразведочных работ, 1.6.9. - Геофизика, 2.8.6. - Геомеханика, разрушение горных пород, рудничная аэрогазодинамика и горная теплофизика, 2.8.7. - Теоретические основы проектирования горно-технических систем, 2.8.8. - Геотехнология, горные машины, 2.1.2. - Основания и фундаменты, подземные сооружения, 2.1.6. - Гидротехническое строительство, гидравлика и инженерная гидрология, 5.7.2. - История философии, 1.6.12. - Физическая география и биогеография, география почв и геохимия ландшафтов, 1.6.7. - Инженерная геология, мерзлотоведение и грунтоведение, 1.1.3. - Геометрия и топология, 1.6.21. - Геоэкология, 3.3.1. - Анатомия и антропология, 1.6.1. - Общая и региональная геология. Геотектоника и геодинамика, 1.6.10. - Геология, поиски и разведка твердых полезных ископаемых, минерагения, 1.6.4. - Минералогия, кристаллография. Геохимия, геохимические методы поисков полезных ископаемых, 1.6.20. - Геоинформатика, картография, 5.7.1. - Онтология и теория познания, 2.8.3. - Горнопромышленная и нефтегазопромысловая геология, геофизика, маркшейдерское дело и геометрия недр, 2.1.11. - Теория и история архитектуры, реставрация и реконструкция историко-архитектурного наследия, 2.8.9. - Обогащение полезных ископаемых
6, Кафедра проектирования летательных аппаратов / прочности летательных аппаратов, 3.3.7. - Авиационная, космическая и морская медицина, 2.5.16. - Динамика, баллистика, управление движением летательных аппаратов, 3.1.35. - Военно-полевая терапия, 1.6.19. - Аэрокосмические исследования Земли, фотограмметрия, 5.8.5. - Теория и методика спорта, 2.5.15. - Тепловые, электроракетные двигатели и энергоустановки летательных аппаратов, 2.4.7. - Турбомашины и поршневые двигатели, 1.1.8. - Механика деформируемого твердого тела, 2.9.6. - Аэронавигация и эксплуатация авиационной техники, 2.2.14. - Антенны, СВЧ-устройства и их технологии, 2.5.18. - Проектирование и конструкция судов, 2.2.9. - Проектирование и технология приборостроения и радиоэлектронной аппаратуры, 2.5.4. - Роботы, мехатроника и робототехнические системы, 2.5.12. - Аэродинамика и процессы теплообмена летательных аппаратов, 2.5.13. - Проектирование, конструкция, производство, испытания и эксплуатация летательных аппаратов, 2.5.14. - Прочность и тепловые режимы летательных аппаратов
7, Кафедра прикладной математики / математики, 1.1.5. - Математическая логика, алгебра, теория чисел и дискретная математика, 5.8.3. - Коррекционная педагогика, 1.1.6. - Вычислительная математика, 5.7.5. - Логика, 1.5.8. - Математическая биология, биоинформатика, 5.9.5. - Русский язык. Языки народов России, 5.9.8. - Теоретическая, прикладная и сравнительно-сопоставительная лингвистика, 5.8.1. - Общая педагогика, история педагогики и образования, 5.8.2. - Теория и методика обучения и воспитания (по областям и уровням образования), 1.2.2. - Математическое моделирование, численные методы и комплексы программ, 5.2.4. - Финансы, 5.2.1. - Экономическая теория, 5.7.2. - История философии, 1.1.3. - Геометрия и топология, 5.2.2. - Математические, статистические и инструментальные методы в экономике, 1.1.2. - Дифференциальные уравнения и математическая физика, 2.2.10. - Метрология и метрологическое обеспечение, 1.1.4. - Теория вероятностей и математическая статистика
8, Кафедра теоретической физики / математической физики, 2.4.6. - Теоретическая и прикладная теплотехника, 1.1.5. - Математическая логика, алгебра, теория чисел и дискретная математика, 1.3.18. - Физика пучков заряженных частиц и ускорительная техника, 5.7.9. - Философия религии и религиоведение, 1.4.14. - Кинетика и катализ, 1.3.6. - Оптика, 5.7.6. - Философия науки и техники, 1.3.9. - Физика плазмы, 1.3.13. - Электрофизика, электрофизические установки, 1.3.4. - Радиофизика, 1.1.6. - Вычислительная математика, 5.7.5. - Логика, 1.5.8. - Математическая биология, биоинформатика, 1.3.5. - Физическая электроника, 2.2.7. - Фотоника, 1.3.17. - Химическая физика, горение и взрыв, физика экстремальных состояний вещества, 5.4.1. - Теория, методология и история социологии, 2.5.16. - Динамика, баллистика, управление движением летательных аппаратов, 1.3.21. - Медицинская физика, 2.5.17. - Теория корабля и строительная механика, 5.11.1. - Теоретическая теология (по исследовательскому направлению: православие, ислам, иудаизм, протестантизм, буддизм), 1.3.10. - Физика низких температур, 1.3.20. - Кристаллография, физика кристаллов, 1.4.4. - Физическая химия, 1.3.16. - Атомная и молекулярная физика, 5.1.1. - Теоретико-исторические правовые науки, 5.9.8. - Теоретическая, прикладная и сравнительно-сопоставительная лингвистика, 5.8.2. - Теория и методика обучения и воспитания (по областям и уровням образования), 5.8.5. - Теория и методика спорта, 1.3.3. - Теоретическая физика, 1.3.8. - Физика конденсированного состояния, 5.3.3. - Психология труда, инженерная психология, когнитивная эргономика, 1.3.14. - Теплофизика и теоретическая теплотехника, 1.2.2. - Математическое моделирование, численные методы и комплексы программ, 5.2.1. - Экономическая теория, 1.1.7. - Теоретическая механика, динамика машин, 1.3.1. - Физика космоса, астрономия, 4.3.3. - Пищевые системы, 1.1.8. - Механика деформируемого твердого тела, 5.7.2. - История философии, 2.4.5. - Энергетические системы и комплексы, 1.1.1. - Вещественный, комплексный и функциональный анализ, 1.1.3. - Геометрия и топология, 2.1.9. - Строительная механика, 1.3.19. - Лазерная физика, 5.8.4. - Физическая культура и профессиональная физическая подготовка, 5.6.6. - История науки и техники, 1.1.2. - Дифференциальные уравнения и математическая физика, 2.5.5. - Технология и оборудование механической и физико-технической обработки, 1.3.11. - Физика полупроводников, 1.3.15. - Физика атомных ядер и элементарных частиц, физика высоких энергий, 1.3.2. - Приборы и методы экспериментальной физики, 2.4.1. - Теоретическая и прикладная электротехника, 1.1.4. - Теория вероятностей и математическая статистика, 5.7.1. - Онтология и теория познания, 2.4.4. - Электротехнология и электрофизика, 5.12.1. - Междисциплинарные исследования когнитивных процессов, 1.5.2. - Биофизика, 1.3.12. - Физика магнитных явлений
9, Кафедра машиностроения / технологии машиностроения / Инженерия, 2.8.2. - Технология бурения и освоения скважин, 2.2.4. - Приборы и методы измерения (по видам измерений), 2.1.7. - Технология и организация строительства, 2.3.2. - Вычислительные системы и их элементы, 2.6.13. - Процессы и аппараты химических технологий, 1.2.1. - Искусственный интеллект и машинное обучение, 2.9.5. - Эксплуатация автомобильного транспорта, 2.5.19. - Технология судостроения, судоремонта и организация судостроительного производства, 2.5.2. - Машиноведение, 2.9.8. - Интеллектуальные транспортные системы, 2.1.15. - Безопасность объектов строительства, 2.9.2. - Железнодорожный путь, изыскание и проектирование железных дорог, 2.5.3. - Трение и износ в машинах, 1.3.5. - Физическая электроника, 2.5.16. - Динамика, баллистика, управление движением летательных аппаратов, 2.6.15. - Мембраны и мембранная технология, 2.2.6. - Оптические и оптико-электронные приборы и комплексы, 2.5.17. - Теория корабля и строительная механика, 2.4.10. - Техносферная безопасность (в энергетике), 2.8.1. - Технология и техника геологоразведочных работ, 2.6.18. - Охрана труда, пожарная и промышленная безопасность, 2.1.1. - Строительные конструкции, здания и сооружения, 4.3.1. - Технологии, машины и оборудование для агропромышленного комплекса, 4.3.2. - Электротехнологии, электрооборудование и энергоснабжение агропромышленного комплекса, 2.1.14. - Управление жизненным циклом объектов строительства, 2.1.5. - Строительные материалы и изделия, 2.5.21. - Машины, агрегаты и технологические процессы, 5.8.7. - Методология и технология профессионального образования, 2.5.8. - Сварка, родственные процессы и технологии, 2.6.17. - Материаловедение, 5.3.3. - Психология труда, инженерная психология, когнитивная эргономика, 2.2.8. - Методы и приборы контроля и диагностики материалов, изделий, веществ и природной, 2.5.22. - Управление качеством продукции. Стандартизация. Организация производства, 2.4.3. - Электроэнергетика, 2.3.7. - Компьютерное моделирование и автоматизация проектирования, 1.1.7. - Теоретическая механика, динамика машин, 4.3.4. - Технологии, машины и оборудование для лесного хозяйства и переработки древесины, 2.4.7. - Турбомашины и поршневые двигатели, 2.4.2. - Электротехнические комплексы и системы, 2.5.10. - Гидравлические машины, вакуумная, компрессорная техника, гидро- и пневмосистемы, 4.3.3. - Пищевые системы, 2.9.1. - Транспортные и транспортно-технологические системы страны, ее регионов и городов, организация производства, 2.1.6. - Гидротехническое строительство, гидравлика и инженерная гидрология, 1.1.8. - Механика деформируемого твердого тела, 2.6.16. - Технология производства изделий текстильной и легкой промышленности, 2.6.11. - Технология и переработка синтетических и природных полимеров и композитов, 2.9.6. - Аэронавигация и эксплуатация авиационной техники, 2.2.13. - Радиотехника, в том числе системы и устройства телевидения, 2.2.14. - Антенны, СВЧ-устройства и их технологии, 1.6.7. - Инженерная геология, мерзлотоведение и грунтоведение, 2.1.9. - Строительная механика, 2.2.3. - Технология и оборудование для производства материалов и приборов электронной техники, 2.3.3. - Автоматизация и управление технологическими процессами и производствами, 2.5.18. - Проектирование и конструкция судов, 5.6.6. - История науки и техники, 2.5.11. - Наземные транспортно-технологические средства и комплексы, 2.1.8. - Проектирование и строительство дорог, метрополитенов, аэродромов, мостов и транспортных тоннелей, 2.10.3. - Безопасность труда, 2.5.9. - Методы и приборы контроля и диагностики материалов, изделий, веществ и природной, 2.6.14. - Технология силикатных и тугоплавких неметаллических материалов, 2.6.1. - Металловедение и термическая обработка металлов и сплавов, 2.5.5. - Технология и оборудование механической и физико-технической обработки, 2.5.6. - Технология машиностроения, 2.5.7. - Технологии и машины обработки давлением, 2.2.9. - Проектирование и технология приборостроения и радиоэлектронной аппаратуры, 2.4.1. - Теоретическая и прикладная электротехника, 2.5.4. - Роботы, мехатроника и робототехнические системы, 2.9.4. - Управление процессами перевозок, 2.4.8. - Машины и аппараты, процессы холодильной и криогенной техники, 2.6.5. - Порошковая металлургия и композиционные материалы, 2.5.1. - Инженерная геометрия и компьютерная графика. Цифровая поддержка жизненного цикла изделий, 2.4.4. - Электротехнология и электрофизика, 2.5.13. - Проектирование, конструкция, производство, испытания и эксплуатация летательных аппаратов, 2.1.12. - Архитектура зданий и сооружений. Творческие концепции архитектурной деятельности, 2.9.10. - Техносферная безопасность транспортных систем, 2.1.16. - Охрана труда в строительстве, 2.4.11. - Светотехника
10, Кафедра подвижного состава, 2.9.7. - Эксплуатация водного транспорта, водные пути сообщения и гидрография, 2.9.5. - Эксплуатация автомобильного транспорта, 2.5.2. - Машиноведение, 2.9.8. - Интеллектуальные транспортные системы, 2.9.2. - Железнодорожный путь, изыскание и проектирование железных дорог, 2.5.3. - Трение и износ в машинах, 2.5.16. - Динамика, баллистика, управление движением летательных аппаратов, 2.2.5. - Приборы навигации, 4.3.1. - Технологии, машины и оборудование для агропромышленного комплекса, 2.1.14. - Управление жизненным циклом объектов строительства, 2.5.21. - Машины, агрегаты и технологические процессы, 4.3.4. - Технологии, машины и оборудование для лесного хозяйства и переработки древесины, 2.4.7. - Турбомашины и поршневые двигатели, 2.9.1. - Транспортные и транспортно-технологические системы страны, ее регионов и городов, организация производства, 2.9.9. - Логистические транспортные системы, 2.9.6. - Аэронавигация и эксплуатация авиационной техники, 2.2.13. - Радиотехника, в том числе системы и устройства телевидения, 3.2.6. - Безопасность в чрезвычайных ситуациях, 5.8.4. - Физическая культура и профессиональная физическая подготовка, 2.5.20. - Судовые энергетические установки и их элементы (главные и вспомогательные), 2.5.11. - Наземные транспортно-технологические средства и комплексы, 2.1.8. - Проектирование и строительство дорог, метрополитенов, аэродромов, мостов и транспортных тоннелей, 2.10.3. - Безопасность труда, 2.5.5. - Технология и оборудование механической и физико-технической обработки, 2.5.4. - Роботы, мехатроника и робототехнические системы, 2.9.3. - Подвижной состав железных дорог, тяга поездов и электрификация, 2.9.4. - Управление процессами перевозок, 2.4.8. - Машины и аппараты, процессы холодильной и криогенной техники, 2.8.10. - Охрана труда, промышленная безопасность, безопасность в чрезвычайных ситуациях (недропользование), 2.9.10. - Техносферная безопасность транспортных систем
11, Кафедра бурения / гидравлики, 1.6.6. - Гидрогеология, 2.8.2. - Технология бурения и освоения скважин, 2.2.4. - Приборы и методы измерения (по видам измерений), 2.10.2. - Экологическая безопасность, 5.7.4. - Этика, 5.7.9. - Философия религии и религиоведение, 3.1.23. - Дерматовенерология, 2.2.16. - Радиолокация и радионавигация, 1.3.6. - Оптика, 3.3.4. - Токсикология, 3.3.5. - Судебная медицина, 5.8.3. - Коррекционная педагогика, 2.1.15. - Безопасность объектов строительства, 3.3.7. - Авиационная, космическая и морская медицина, 5.4.7. - Социология управления, 1.5.9. - Ботаника, 5.7.5. - Логика, 2.2.7. - Фотоника, 3.1.3. - Оториноларингология, 5.4.1. - Теория, методология и история социологии, 5.3.8. - Коррекционная психология и дефектология, 1.6.2. - Палеонтология и стратиграфия, 2.5.16. - Динамика, баллистика, управление движением летательных аппаратов, 1.6.5. - Литология, 3.1.35. - Военно-полевая терапия, 5.6.8. - Документалистика, документоведение, архивоведение, 3.1.19. - Эндокринология, 1.6.19. - Аэрокосмические исследования Земли, фотограмметрия, 1.6.22. - Геодезия, 1.5.14. - Энтомология, 2.6.15. - Мембраны и мембранная технология, 3.1.14. - Трансплантология и искусственные органы, 5.11.1. - Теоретическая теология (по исследовательскому направлению: православие, ислам, иудаизм, протестантизм, буддизм), 2.8.1. - Технология и техника геологоразведочных работ, 2.6.18. - Охрана труда, пожарная и промышленная безопасность, 5.10.4. - Библиотековедение, библиографоведение и книговедение, 3.2.5. - Медицинская психология, 5.1.1. - Теоретико-исторические правовые науки, 5.1.2. - Публично-правовые (государственно-правовые) науки, 5.9.5. - Русский язык. Языки народов России, 5.8.1. - Общая педагогика, история педагогики и образования, 5.8.2. - Теория и методика обучения и воспитания (по областям и уровням образования), 5.8.5. - Теория и методика спорта, 3.2.1. - Гигиена, 3.2.4. - Медицина труда, 1.5.5. - Физиология человека и животных, 5.8.7. - Методология и технология профессионального образования, 3.1.8. - Травматология и ортопедия, 2.5.8. - Сварка, родственные процессы и технологии, 5.1.4. - Уголовно-правовые науки, 5.6.1. - Отечественная история, 1.6.9. - Геофизика, 5.2.6. - Менеджмент, 2.8.8. - Геотехнология, горные машины, 1.5.17. - Паразитология, 1.5.15. - Экология, 2.1.2. - Основания и фундаменты, подземные сооружения, 5.7.7. - Социальная и политическая философия, 4.3.3. - Пищевые системы, 3.3.9. - Медицинская информатика, 2.2.12. - Приборы, системы и изделия медицинского назначения, 3.1.12. - Анестезиология и реаниматология, 3.1.20. - Кардиология, 3.1.21. - Педиатрия, 5.7.2. - История философии, 3.1.15. - Сердечно-сосудистая хирургия, 3.1.9. - Хирургия, 2.9.6. - Аэронавигация и эксплуатация авиационной техники, 1.6.7. - Инженерная геология, мерзлотоведение и грунтоведение, 3.2.6. - Безопасность в чрезвычайных ситуациях, 1.1.1. - Вещественный, комплексный и функциональный анализ, 1.6.21. - Геоэкология, 5.6.2. - Всеобщая история, 5.6.7. - История международных отношений и внешней политики, 3.1.30. - Гастроэнтерология и диетология, 3.1.18. - Внутренние болезни, 3.3.1. - Анатомия и антропология, 1.6.10. - Геология, поиски и разведка твердых полезных ископаемых, минерагения, 1.5.18. - Микология, 2.3.4. - Управление в организационных системах, 2.10.3. - Безопасность труда, 3.1.29. - Пульмонология, 2.2.10. - Метрология и метрологическое обеспечение, 1.6.20. - Геоинформатика, картография, 2.6.5. - Порошковая металлургия и композиционные материалы, 5.7.1. - Онтология и теория познания, 5.2.7. - Государственное и муниципальное управление, 2.10.1. - Пожарная безопасность, 5.12.1. - Междисциплинарные исследования когнитивных процессов, 2.8.9. - Обогащение полезных ископаемых, 2.8.10. - Охрана труда, промышленная безопасность, безопасность в чрезвычайных ситуациях (недропользование), 1.5.24. - Нейробиология, 2.1.16. - Охрана труда в строительстве, 1.4.5. - Хемоинформатика
12, Кафедра экологии и природопользования / экологии, 4.1.5. - Мелиорация, водное хозяйство и агрофизика, 1.6.6. - Гидрогеология, 2.2.4. - Приборы и методы измерения (по видам измерений), 2.10.2. - Экологическая безопасность, 1.6.15. - Землеустройство, кадастр и мониторинг земель, 2.1.4. - Водоснабжение, канализация, строительные системы охраны водных ресурсов, 5.7.4. - Этика, 3.1.23. - Дерматовенерология, 3.3.4. - Токсикология, 1.5.9. - Ботаника, 3.1.3. - Оториноларингология, 1.1.10. - Биомеханика и биоинженерия, 1.6.5. - Литология, 3.1.19. - Эндокринология, 1.5.14. - Энтомология, 2.1.10. - Экологическая безопасность строительства и городского хозяйства, 2.6.18. - Охрана труда, пожарная и промышленная безопасность, 5.1.2. - Публично-правовые (государственно-правовые) науки, 5.2.5. - Мировая экономика, 1.5.7. - Генетика, 5.8.5. - Теория и методика спорта, 3.2.1. - Гигиена, 1.5.5. - Физиология человека и животных, 1.5.6. - Биотехнология, 3.1.33. - Восстановительная медицина, спортивная медицина, лечебная физкультура, курортология и физиотерапия, медико-социальная реабилитация, 5.3.5. - Социальная психология, политическая и экономическая психология, 5.6.1. - Отечественная история, 4.1.6. - Лесоведение, лесоводство, лесные культуры, агролесомелиорация, озеленение, лесная пирология и таксация, 1.6.18. - Науки об атмосфере и климате, 2.4.9. - Ядерные энергетические установки, топливный цикл, радиационная безопасность, 2.2.8. - Методы и приборы контроля и диагностики материалов, изделий, веществ и природной, 4.1.3. - Агрохимия, агропочвоведение, защита и карантин растений, 4.1.1. - Общее земледелие и растениеводство, 1.5.17. - Паразитология, 1.5.15. - Экология, 4.3.4. - Технологии, машины и оборудование для лесного хозяйства и переработки древесины, 5.5.3. - Государственное управление и отраслевые политики, 4.3.3. - Пищевые системы, 3.1.21. - Педиатрия, 1.6.12. - Физическая география и биогеография, география почв и геохимия ландшафтов, 3.2.6. - Безопасность в чрезвычайных ситуациях, 1.1.1. - Вещественный, комплексный и функциональный анализ, 2.1.3. - Теплоснабжение, вентиляция, кондиционирование воздуха, газоснабжение и освещение, 1.6.21. - Геоэкология, 5.6.2. - Всеобщая история, 3.1.30. - Гастроэнтерология и диетология, 3.3.1. - Анатомия и антропология, 1.5.18. - Микология, 2.5.9. - Методы и приборы контроля и диагностики материалов, изделий, веществ и природной, 3.1.29. - Пульмонология, 4.1.4. - Садоводство, овощеводство, виноградарство и лекарственные культуры, 1.6.13. - Экономическая, социальная, политическая и рекреационная география, 5.4.2. - Экономическая социология, 2.10.1. - Пожарная безопасность, 1.5.2. - Биофизика, 2.8.9. - Обогащение полезных ископаемых, 2.8.10. - Охрана труда, промышленная безопасность, безопасность в чрезвычайных ситуациях (недропользование), 1.5.24. - Нейробиология
13, Кафедра строительной механики / строительных конструкций / строительства и проектирования, 2.8.2. - Технология бурения и освоения скважин, 2.2.4. - Приборы и методы измерения (по видам измерений), 2.1.7. - Технология и организация строительства, 2.5.19. - Технология судостроения, судоремонта и организация судостроительного производства, 2.1.15. - Безопасность объектов строительства, 2.9.2. - Железнодорожный путь, изыскание и проектирование железных дорог, 2.5.16. - Динамика, баллистика, управление движением летательных аппаратов, 2.5.17. - Теория корабля и строительная механика, 2.1.10. - Экологическая безопасность строительства и городского хозяйства, 2.1.1. - Строительные конструкции, здания и сооружения, 2.1.14. - Управление жизненным циклом объектов строительства, 2.1.5. - Строительные материалы и изделия, 2.6.17. - Материаловедение, 5.3.3. - Психология труда, инженерная психология, когнитивная эргономика, 2.8.7. - Теоретические основы проектирования горно-технических систем, 1.1.7. - Теоретическая механика, динамика машин, 4.3.4. - Технологии, машины и оборудование для лесного хозяйства и переработки древесины, 2.1.2. - Основания и фундаменты, подземные сооружения, 2.1.6. - Гидротехническое строительство, гидравлика и инженерная гидрология, 1.1.8. - Механика деформируемого твердого тела, 2.6.16. - Технология производства изделий текстильной и легкой промышленности, 1.6.7. - Инженерная геология, мерзлотоведение и грунтоведение, 2.1.9. - Строительная механика, 5.8.4. - Физическая культура и профессиональная физическая подготовка, 2.5.18. - Проектирование и конструкция судов, 2.1.8. - Проектирование и строительство дорог, метрополитенов, аэродромов, мостов и транспортных тоннелей, 2.10.3. - Безопасность труда, 2.8.5. - Строительство и эксплуатация нефтегазопроводов, баз и хранилищ, 2.5.5. - Технология и оборудование механической и физико-технической обработки, 2.5.6. - Технология машиностроения, 2.2.9. - Проектирование и технология приборостроения и радиоэлектронной аппаратуры, 2.6.5. - Порошковая металлургия и композиционные материалы, 2.5.1. - Инженерная геометрия и компьютерная графика. Цифровая поддержка жизненного цикла изделий, 2.5.13. - Проектирование, конструкция, производство, испытания и эксплуатация летательных аппаратов, 2.1.11. - Теория и история архитектуры, реставрация и реконструкция историко-архитектурного наследия, 2.1.12. - Архитектура зданий и сооружений. Творческие концепции архитектурной деятельности, 2.1.13. - Градостроительство, планировка сельских населенных пунктов, 2.1.16. - Охрана труда в строительстве
14, Кафедра атомной энергетики / ядерных реакторов, 2.2.16. - Радиолокация и радионавигация, 1.4.13. - Радиохимия, 1.3.4. - Радиофизика, 2.4.10. - Техносферная безопасность (в энергетике), 1.3.16. - Атомная и молекулярная физика, 2.4.9. - Ядерные энергетические установки, топливный цикл, радиационная безопасность, 2.4.3. - Электроэнергетика, 2.4.5. - Энергетические системы и комплексы, 3.1.6. - Онкология, лучевая терапия, 5.6.7. - История международных отношений и внешней политики, 1.3.15. - Физика атомных ядер и элементарных частиц, физика высоких энергий, 2.6.8. - Технология редких, рассеянных и радиоактивных элементов
15, Кафедра бурения и добычи нефти / бурения нефтяных и газовых скважин, 2.8.2. - Технология бурения и освоения скважин, 2.8.4. - Разработка и эксплуатация нефтяных и газовых месторождений, 2.5.3. - Трение и износ в машинах, 1.6.11. - Геология, поиски, разведка и эксплуатация нефтяных и газовых месторождений, 2.6.18. - Охрана труда, пожарная и промышленная безопасность, 5.2.5. - Мировая экономика, 2.8.6. - Геомеханика, разрушение горных пород, рудничная аэрогазодинамика и горная теплофизика, 2.8.8. - Геотехнология, горные машины, 1.1.9. - Механика жидкости, газа и плазмы, 1.6.7. - Инженерная геология, мерзлотоведение и грунтоведение, 5.6.7. - История международных отношений и внешней политики, 1.6.10. - Геология, поиски и разведка твердых полезных ископаемых, минерагения, 2.10.3. - Безопасность труда, 2.8.5. - Строительство и эксплуатация нефтегазопроводов, баз и хранилищ, 2.10.1. - Пожарная безопасность, 2.8.3. - Горнопромышленная и нефтегазопромысловая геология, геофизика, маркшейдерское дело и геометрия недр, 1.4.12. - Нефтехимия
16, Кафедра мостов и транспортных тоннелей, 2.9.7. - Эксплуатация водного транспорта, водные пути сообщения и гидрография, 2.9.5. - Эксплуатация автомобильного транспорта, 2.9.8. - Интеллектуальные транспортные системы, 2.9.2. - Железнодорожный путь, изыскание и проектирование железных дорог, 2.2.5. - Приборы навигации, 2.1.1. - Строительные конструкции, здания и сооружения, 2.1.2. - Основания и фундаменты, подземные сооружения, 2.9.1. - Транспортные и транспортно-технологические системы страны, ее регионов и городов, организация производства, 2.9.9. - Логистические транспортные системы, 2.5.11. - Наземные транспортно-технологические средства и комплексы, 2.1.8. - Проектирование и строительство дорог, метрополитенов, аэродромов, мостов и транспортных тоннелей, 2.9.3. - Подвижной состав железных дорог, тяга поездов и электрификация, 2.9.4. - Управление процессами перевозок, 2.1.11. - Теория и история архитектуры, реставрация и реконструкция историко-архитектурного наследия, 2.9.10. - Техносферная безопасность транспортных систем
17, Кафедра вычислительной техники и автоматизации / вычислительной техники / автоматизация, 2.3.2. - Вычислительные системы и их элементы, 1.2.1. - Искусственный интеллект и машинное обучение, 2.5.2. - Машиноведение, 2.9.8. - Интеллектуальные транспортные системы, 1.1.6. - Вычислительная математика, 1.3.5. - Физическая электроника, 4.3.1. - Технологии, машины и оборудование для агропромышленного комплекса, 2.5.21. - Машины, агрегаты и технологические процессы, 2.3.1. - Системный анализ, управление и обработка информации, статистика, 2.5.8. - Сварка, родственные процессы и технологии, 1.2.2. - Математическое моделирование, численные методы и комплексы программ, 2.3.7. - Компьютерное моделирование и автоматизация проектирования, 2.3.5. - Математическое и программное обеспечение вычислительных систем, комплексов и компьютерных сетей, 4.3.3. - Пищевые системы, 1.2.3. - Теоретическая информатика, кибернетика, 2.2.13. - Радиотехника, в том числе системы и устройства телевидения, 2.2.14. - Антенны, СВЧ-устройства и их технологии, 2.2.3. - Технология и оборудование для производства материалов и приборов электронной техники, 2.3.8. - Информатика и информационные процессы, 2.3.3. - Автоматизация и управление технологическими процессами и производствами, 2.3.4. - Управление в организационных системах, 2.5.5. - Технология и оборудование механической и физико-технической обработки, 2.5.6. - Технология машиностроения, 2.5.7. - Технологии и машины обработки давлением, 2.2.11. - Информационно-измерительные и управляющие системы, 2.5.4. - Роботы, мехатроника и робототехнические системы, 2.5.1. - Инженерная геометрия и компьютерная графика. Цифровая поддержка жизненного цикла изделий, 5.12.1. - Междисциплинарные исследования когнитивных процессов, 1.4.5. - Хемоинформатика
18, Кафедра мировой экономики / экономики, 4.1.5. - Мелиорация, водное хозяйство и агрофизика, 2.10.2. - Экологическая безопасность, 5.7.4. - Этика, 2.9.5. - Эксплуатация автомобильного транспорта, 2.5.3. - Трение и износ в машинах, 5.4.7. - Социология управления, 5.7.5. - Логика, 5.4.1. - Теория, методология и история социологии, 5.4.5. - Политическая социология, 5.2.5. - Мировая экономика, 2.3.1. - Системный анализ, управление и обработка информации, статистика, 5.3.5. - Социальная психология, политическая и экономическая психология, 5.2.3. - Региональная и отраслевая экономика, 5.2.6. - Менеджмент, 2.5.22. - Управление качеством продукции. Стандартизация. Организация производства, 5.2.4. - Финансы, 4.1.1. - Общее земледелие и растениеводство, 5.2.1. - Экономическая теория, 5.4.4. - Социальная структура, социальные институты и процессы, 5.7.7. - Социальная и политическая философия, 5.5.3. - Государственное управление и отраслевые политики, 5.2.2. - Математические, статистические и инструментальные методы в экономике, 5.6.2. - Всеобщая история, 5.6.7. - История международных отношений и внешней политики, 1.1.4. - Теория вероятностей и математическая статистика, 1.6.13. - Экономическая, социальная, политическая и рекреационная география, 5.2.7. - Государственное и муниципальное управление, 5.4.2. - Экономическая социология
19, Кафедра информационных систем и технологий / информационных систем и сетей, 2.1.7. - Технология и организация строительства, 2.3.2. - Вычислительные системы и их элементы, 1.2.1. - Искусственный интеллект и машинное обучение, 2.2.16. - Радиолокация и радионавигация, 2.9.8. - Интеллектуальные транспортные системы, 5.6.8. - Документалистика, документоведение, архивоведение, 5.10.4. - Библиотековедение, библиографоведение и книговедение, 5.1.2. - Публично-правовые (государственно-правовые) науки, 2.3.1. - Системный анализ, управление и обработка информации, статистика, 5.8.2. - Теория и методика обучения и воспитания (по областям и уровням образования), 5.8.7. - Методология и технология профессионального образования, 2.5.8. - Сварка, родственные процессы и технологии, 5.1.4. - Уголовно-правовые науки, 5.2.6. - Менеджмент, 2.3.5. - Математическое и программное обеспечение вычислительных систем, комплексов и компьютерных сетей, 5.4.4. - Социальная структура, социальные институты и процессы, 5.5.3. - Государственное управление и отраслевые политики, 4.3.3. - Пищевые системы, 3.3.9. - Медицинская информатика, 2.9.1. - Транспортные и транспортно-технологические системы страны, ее регионов и городов, организация производства, 1.2.3. - Теоретическая информатика, кибернетика, 2.2.13. - Радиотехника, в том числе системы и устройства телевидения, 5.6.2. - Всеобщая история, 2.3.8. - Информатика и информационные процессы, 5.3.4. - Педагогическая психология, психодиагностика цифровых образовательных сред, 2.3.3. - Автоматизация и управление технологическими процессами и производствами, 2.3.4. - Управление в организационных системах, 2.2.15. - Системы, сети и устройства телекоммуникаций, 2.3.6. - Методы и системы защиты информации, информационная безопасность, 2.2.9. - Проектирование и технология приборостроения и радиоэлектронной аппаратуры, 2.2.11. - Информационно-измерительные и управляющие системы, 5.7.1. - Онтология и теория познания, 5.2.7. - Государственное и муниципальное управление, 2.8.10. - Охрана труда, промышленная безопасность, безопасность в чрезвычайных ситуациях (недропользование), 1.2.4. - Кибербезопасность, 2.9.10. - Техносферная безопасность транспортных систем, 1.4.5. - Хемоинформатика
20, Кафедра теории вероятностей и математической статистики / теории вероятностей, 1.1.5. - Математическая логика, алгебра, теория чисел и дискретная математика, 1.1.6. - Вычислительная математика, 1.5.7. - Генетика, 1.2.2. - Математическое моделирование, численные методы и комплексы программ, 5.2.1. - Экономическая теория, 2.9.9. - Логистические транспортные системы, 5.2.2. - Математические, статистические и инструментальные методы в экономике, 1.1.2. - Дифференциальные уравнения и математическая физика, 1.1.4. - Теория вероятностей и математическая статистика
21, Кафедра электротехники / электроэнергетики / электроснабжения, 2.8.4. - Разработка и эксплуатация нефтяных и газовых месторождений, 2.6.9. - Технология электрохимических процессов и защита от коррозии, 1.3.13. - Электрофизика, электрофизические установки, 1.3.5. - Физическая электроника, 2.2.1. - Вакуумная и плазменная электроника, 2.2.6. - Оптические и оптико-электронные приборы и комплексы, 2.4.10. - Техносферная безопасность (в энергетике), 2.6.18. - Охрана труда, пожарная и промышленная безопасность, 4.3.1. - Технологии, машины и оборудование для агропромышленного комплекса, 4.3.2. - Электротехнологии, электрооборудование и энергоснабжение агропромышленного комплекса, 2.5.21. - Машины, агрегаты и технологические процессы, 5.3.3. - Психология труда, инженерная психология, когнитивная эргономика, 2.4.9. - Ядерные энергетические установки, топливный цикл, радиационная безопасность, 2.5.15. - Тепловые, электроракетные двигатели и энергоустановки летательных аппаратов, 2.4.3. - Электроэнергетика, 2.4.2. - Электротехнические комплексы и системы, 2.4.5. - Энергетические системы и комплексы, 3.2.6. - Безопасность в чрезвычайных ситуациях, 2.1.3. - Теплоснабжение, вентиляция, кондиционирование воздуха, газоснабжение и освещение, 2.5.20. - Судовые энергетические установки и их элементы (главные и вспомогательные), 2.8.5. - Строительство и эксплуатация нефтегазопроводов, баз и хранилищ, 2.2.15. - Системы, сети и устройства телекоммуникаций, 2.5.7. - Технологии и машины обработки давлением, 2.2.9. - Проектирование и технология приборостроения и радиоэлектронной аппаратуры, 2.4.1. - Теоретическая и прикладная электротехника, 2.9.3. - Подвижной состав железных дорог, тяга поездов и электрификация, 2.4.8. - Машины и аппараты, процессы холодильной и криогенной техники, 2.4.4. - Электротехнология и электрофизика, 2.10.1. - Пожарная безопасность, 1.4.6. - Электрохимия, 2.8.10. - Охрана труда, промышленная безопасность, безопасность в чрезвычайных ситуациях (недропользование), 2.4.11. - Светотехника
22, Кафедра кибербезопасности / кибернетики, 2.10.2. - Экологическая безопасность, 1.2.1. - Искусственный интеллект и машинное обучение, 2.1.15. - Безопасность объектов строительства, 5.6.8. - Документалистика, документоведение, архивоведение, 5.4.5. - Политическая социология, 2.4.10. - Техносферная безопасность (в энергетике), 2.6.18. - Охрана труда, пожарная и промышленная безопасность, 5.1.2. - Публично-правовые (государственно-правовые) науки, 5.1.4. - Уголовно-правовые науки, 5.7.7. - Социальная и политическая философия, 1.2.3. - Теоретическая информатика, кибернетика, 3.2.6. - Безопасность в чрезвычайных ситуациях, 5.6.7. - История международных отношений и внешней политики, 5.3.4. - Педагогическая психология, психодиагностика цифровых образовательных сред, 2.10.3. - Безопасность труда, 2.2.15. - Системы, сети и устройства телекоммуникаций, 2.3.6. - Методы и системы защиты информации, информационная безопасность, 5.7.1. - Онтология и теория познания, 2.10.1. - Пожарная безопасность, 2.8.10. - Охрана труда, промышленная безопасность, безопасность в чрезвычайных ситуациях (недропользование), 1.2.4. - Кибербезопасность, 2.9.10. - Техносферная безопасность транспортных систем
23, Кафедра искусственного интеллекта и компьютерных наук / систем искусственного интеллекта, 2.3.2. - Вычислительные системы и их элементы, 1.2.1. - Искусственный интеллект и машинное обучение, 2.9.8. - Интеллектуальные транспортные системы, 1.1.6. - Вычислительная математика, 1.2.2. - Математическое моделирование, численные методы и комплексы программ, 2.3.7. - Компьютерное моделирование и автоматизация проектирования, 2.3.5. - Математическое и программное обеспечение вычислительных систем, комплексов и компьютерных сетей, 1.2.3. - Теоретическая информатика, кибернетика, 2.3.8. - Информатика и информационные процессы, 2.3.3. - Автоматизация и управление технологическими процессами и производствами, 2.3.6. - Методы и системы защиты информации, информационная безопасность, 2.2.11. - Информационно-измерительные и управляющие системы, 2.5.4. - Роботы, мехатроника и робототехнические системы, 2.5.1. - Инженерная геометрия и компьютерная графика. Цифровая поддержка жизненного цикла изделий, 5.12.1. - Междисциплинарные исследования когнитивных процессов, 1.2.4. - Кибербезопасность, 1.4.5. - Хемоинформатика
24, Кафедра онкологии, 3.3.5. - Судебная медицина, 3.1.35. - Военно-полевая терапия, 3.1.19. - Эндокринология, 3.1.33. - Восстановительная медицина, спортивная медицина, лечебная физкультура, курортология и физиотерапия, медико-социальная реабилитация, 3.3.9. - Медицинская информатика, 3.3.6. - Фармакология, клиническая фармакология, 3.1.4. - Акушерство и гинекология, 3.1.15. - Сердечно-сосудистая хирургия, 3.1.9. - Хирургия, 3.1.6. - Онкология, лучевая терапия, 3.1.18. - Внутренние болезни
25, Кафедра наноструктурных материалов, 2.6.4. - Обработка металлов давлением, 2.6.15. - Мембраны и мембранная технология, 2.2.1. - Вакуумная и плазменная электроника, 2.2.6. - Оптические и оптико-электронные приборы и комплексы, 2.6.7. - Технология неорганических веществ, 1.3.20. - Кристаллография, физика кристаллов, 2.1.5. - Строительные материалы и изделия, 2.6.17. - Материаловедение, 2.2.8. - Методы и приборы контроля и диагностики материалов, изделий, веществ и природной, 1.1.8. - Механика деформируемого твердого тела, 2.6.16. - Технология производства изделий текстильной и легкой промышленности, 2.6.11. - Технология и переработка синтетических и природных полимеров и композитов, 2.6.2. - Металлургия черных, цветных и редких металлов, 2.2.2. - Электронная компонентная база микро- и наноэлектроники, квантовых устройств, 2.2.3. - Технология и оборудование для производства материалов и приборов электронной техники, 2.5.9. - Методы и приборы контроля и диагностики материалов, изделий, веществ и природной, 2.6.14. - Технология силикатных и тугоплавких неметаллических материалов, 2.6.8. - Технология редких, рассеянных и радиоактивных элементов, 2.6.6. - Нанотехнологии и наноматериалы, 2.6.5. - Порошковая металлургия и композиционные материалы
26, Кафедра гидротехнического строительства / гидроэнергетики, 2.9.7. - Эксплуатация водного транспорта, водные пути сообщения и гидрография, 4.1.5. - Мелиорация, водное хозяйство и агрофизика, 2.8.4. - Разработка и эксплуатация нефтяных и газовых месторождений, 2.10.2. - Экологическая безопасность, 2.1.4. - Водоснабжение, канализация, строительные системы охраны водных ресурсов, 2.5.19. - Технология судостроения, судоремонта и организация судостроительного производства, 2.5.17. - Теория корабля и строительная механика, 2.1.1. - Строительные конструкции, здания и сооружения, 4.3.2. - Электротехнологии, электрооборудование и энергоснабжение агропромышленного комплекса, 1.6.18. - Науки об атмосфере и климате, 2.4.3. - Электроэнергетика, 2.5.10. - Гидравлические машины, вакуумная, компрессорная техника, гидро- и пневмосистемы, 2.1.6. - Гидротехническое строительство, гидравлика и инженерная гидрология, 2.4.5. - Энергетические системы и комплексы, 2.1.3. - Теплоснабжение, вентиляция, кондиционирование воздуха, газоснабжение и освещение, 2.5.18. - Проектирование и конструкция судов, 2.5.20. - Судовые энергетические установки и их элементы (главные и вспомогательные), 2.1.8. - Проектирование и строительство дорог, метрополитенов, аэродромов, мостов и транспортных тоннелей, 2.8.5. - Строительство и эксплуатация нефтегазопроводов, баз и хранилищ, 2.5.7. - Технологии и машины обработки давлением, 2.4.11. - Светотехника
27, Кафедра кораблестроения, 2.5.19. - Технология судостроения, судоремонта и организация судостроительного производства, 3.3.7. - Авиационная, космическая и морская медицина, 2.5.16. - Динамика, баллистика, управление движением летательных аппаратов, 2.2.5. - Приборы навигации, 2.5.17. - Теория корабля и строительная механика, 2.9.6. - Аэронавигация и эксплуатация авиационной техники, 2.5.18. - Проектирование и конструкция судов
28, Кафедра биофизики, 1.6.6. - Гидрогеология, 5.7.9. - Философия религии и религиоведение, 3.1.23. - Дерматовенерология, 5.7.6. - Философия науки и техники, 3.3.7. - Авиационная, космическая и морская медицина, 1.3.4. - Радиофизика, 1.5.8. - Математическая биология, биоинформатика, 3.1.3. - Оториноларингология, 5.3.8. - Коррекционная психология и дефектология, 1.1.10. - Биомеханика и биоинженерия, 1.3.21. - Медицинская физика, 3.1.19. - Эндокринология, 1.5.14. - Энтомология, 3.1.14. - Трансплантология и искусственные органы, 5.11.1. - Теоретическая теология (по исследовательскому направлению: православие, ислам, иудаизм, протестантизм, буддизм), 3.2.5. - Медицинская психология, 1.5.3. - Молекулярная биология, 1.5.7. - Генетика, 1.5.5. - Физиология человека и животных, 1.5.6. - Биотехнология, 3.1.33. - Восстановительная медицина, спортивная медицина, лечебная физкультура, курортология и физиотерапия, медико-социальная реабилитация, 3.1.8. - Травматология и ортопедия, 1.5.17. - Паразитология, 1.5.15. - Экология, 3.3.9. - Медицинская информатика, 3.1.12. - Анестезиология и реаниматология, 3.1.4. - Акушерство и гинекология, 3.1.20. - Кардиология, 1.5.4. - Биохимия, 3.1.6. - Онкология, лучевая терапия, 3.1.30. - Гастроэнтерология и диетология, 5.8.4. - Физическая культура и профессиональная физическая подготовка, 1.5.18. - Микология, 1.4.15. - Химия твердого тела, 3.1.13. - Урология и андрология, 1.5.2. - Биофизика, 1.5.24. - Нейробиология, 1.4.5. - Хемоинформатика
29, Кафедра квантовой физики / квантовой электроники, 1.3.18. - Физика пучков заряженных частиц и ускорительная техника, 1.3.9. - Физика плазмы, 1.3.5. - Физическая электроника, 2.2.7. - Фотоника, 2.2.1. - Вакуумная и плазменная электроника, 2.2.6. - Оптические и оптико-электронные приборы и комплексы, 1.3.16. - Атомная и молекулярная физика, 1.3.3. - Теоретическая физика, 1.3.8. - Физика конденсированного состояния, 1.3.1. - Физика космоса, астрономия, 1.3.19. - Лазерная физика, 2.2.2. - Электронная компонентная база микро- и наноэлектроники, квантовых устройств, 2.6.14. - Технология силикатных и тугоплавких неметаллических материалов, 1.3.11. - Физика полупроводников, 1.3.15. - Физика атомных ядер и элементарных частиц, физика высоких энергий, 1.3.2. - Приборы и методы экспериментальной физики, 2.6.6. - Нанотехнологии и наноматериалы, 1.3.12. - Физика магнитных явлений
30, Кафедра программирования / программной инженерии / программирования, 2.3.2. - Вычислительные системы и их элементы, 5.8.3. - Коррекционная педагогика, 1.1.6. - Вычислительная математика, 5.9.5. - Русский язык. Языки народов России, 5.9.8. - Теоретическая, прикладная и сравнительно-сопоставительная лингвистика, 5.8.1. - Общая педагогика, история педагогики и образования, 5.8.7. - Методология и технология профессионального образования, 1.2.2. - Математическое моделирование, численные методы и комплексы программ, 2.3.7. - Компьютерное моделирование и автоматизация проектирования, 2.3.5. - Математическое и программное обеспечение вычислительных систем, комплексов и компьютерных сетей, 2.3.8. - Информатика и информационные процессы
31, Кафедра железнодорожных станций и узлов, 2.2.16. - Радиолокация и радионавигация, 2.9.5. - Эксплуатация автомобильного транспорта, 2.9.2. - Железнодорожный путь, изыскание и проектирование железных дорог, 2.2.5. - Приборы навигации, 2.6.18. - Охрана труда, пожарная и промышленная безопасность, 2.1.2. - Основания и фундаменты, подземные сооружения, 2.4.2. - Электротехнические комплексы и системы, 2.9.1. - Транспортные и транспортно-технологические системы страны, ее регионов и городов, организация производства, 2.9.9. - Логистические транспортные системы, 2.5.11. - Наземные транспортно-технологические средства и комплексы, 2.1.8. - Проектирование и строительство дорог, метрополитенов, аэродромов, мостов и транспортных тоннелей, 2.8.5. - Строительство и эксплуатация нефтегазопроводов, баз и хранилищ, 2.2.15. - Системы, сети и устройства телекоммуникаций, 2.9.3. - Подвижной состав железных дорог, тяга поездов и электрификация, 2.9.4. - Управление процессами перевозок, 2.1.13. - Градостроительство, планировка сельских населенных пунктов, 2.8.10. - Охрана труда, промышленная безопасность, безопасность в чрезвычайных ситуациях (недропользование), 2.1.16. - Охрана труда в строительстве
32, Кафедра географии / физической географии, 1.6.6. - Гидрогеология, 2.2.4. - Приборы и методы измерения (по видам измерений), 1.6.15. - Землеустройство, кадастр и мониторинг земель, 1.6.2. - Палеонтология и стратиграфия, 1.6.19. - Аэрокосмические исследования Земли, фотограмметрия, 1.6.22. - Геодезия, 2.2.5. - Приборы навигации, 1.6.14. - Геоморфология и палеогеография, 2.8.1. - Технология и техника геологоразведочных работ, 5.10.4. - Библиотековедение, библиографоведение и книговедение, 5.9.5. - Русский язык. Языки народов России, 5.8.1. - Общая педагогика, история педагогики и образования, 5.8.5. - Теория и методика спорта, 5.6.1. - Отечественная история, 4.1.6. - Лесоведение, лесоводство, лесные культуры, агролесомелиорация, озеленение, лесная пирология и таксация, 1.6.9. - Геофизика, 5.2.3. - Региональная и отраслевая экономика, 2.8.6. - Геомеханика, разрушение горных пород, рудничная аэрогазодинамика и горная теплофизика, 2.8.7. - Теоретические основы проектирования горно-технических систем, 2.8.8. - Геотехнология, горные машины, 1.3.1. - Физика космоса, астрономия, 2.9.1. - Транспортные и транспортно-технологические системы страны, ее регионов и городов, организация производства, 1.6.12. - Физическая география и биогеография, география почв и геохимия ландшафтов, 1.1.3. - Геометрия и топология, 1.6.21. - Геоэкология, 5.6.7. - История международных отношений и внешней политики, 5.8.4. - Физическая культура и профессиональная физическая подготовка, 3.3.1. - Анатомия и антропология, 1.6.1. - Общая и региональная геология. Геотектоника и геодинамика, 1.6.10. - Геология, поиски и разведка твердых полезных ископаемых, минерагения, 2.5.11. - Наземные транспортно-технологические средства и комплексы, 2.1.8. - Проектирование и строительство дорог, метрополитенов, аэродромов, мостов и транспортных тоннелей, 2.2.10. - Метрология и метрологическое обеспечение, 1.6.13. - Экономическая, социальная, политическая и рекреационная география, 1.6.20. - Геоинформатика, картография, 5.2.7. - Государственное и муниципальное управление, 2.8.3. - Горнопромышленная и нефтегазопромысловая геология, геофизика, маркшейдерское дело и геометрия недр, 2.1.12. - Архитектура зданий и сооружений. Творческие концепции архитектурной деятельности, 2.1.13. - Градостроительство, планировка сельских населенных пунктов
33, Кафедра металлургии, 2.6.4. - Обработка металлов давлением, 2.8.2. - Технология бурения и освоения скважин, 2.6.18. - Охрана труда, пожарная и промышленная безопасность, 2.1.5. - Строительные материалы и изделия, 2.6.17. - Материаловедение, 2.6.16. - Технология производства изделий текстильной и легкой промышленности, 2.6.2. - Металлургия черных, цветных и редких металлов, 2.10.3. - Безопасность труда, 2.6.14. - Технология силикатных и тугоплавких неметаллических материалов, 2.6.1. - Металловедение и термическая обработка металлов и сплавов, 2.6.5. - Порошковая металлургия и композиционные материалы, 2.8.10. - Охрана труда, промышленная безопасность, безопасность в чрезвычайных ситуациях (недропользование), 2.1.16. - Охрана труда в строительстве
34, Кафедра морских энергетических установок, 2.9.7. - Эксплуатация водного транспорта, водные пути сообщения и гидрография, 2.4.6. - Теоретическая и прикладная теплотехника, 2.8.4. - Разработка и эксплуатация нефтяных и газовых месторождений, 2.10.2. - Экологическая безопасность, 2.5.19. - Технология судостроения, судоремонта и организация судостроительного производства, 3.3.7. - Авиационная, космическая и морская медицина, 2.5.16. - Динамика, баллистика, управление движением летательных аппаратов, 2.5.17. - Теория корабля и строительная механика, 2.4.10. - Техносферная безопасность (в энергетике), 4.3.2. - Электротехнологии, электрооборудование и энергоснабжение агропромышленного комплекса, 2.4.9. - Ядерные энергетические установки, топливный цикл, радиационная безопасность, 2.5.15. - Тепловые, электроракетные двигатели и энергоустановки летательных аппаратов, 2.4.3. - Электроэнергетика, 2.4.7. - Турбомашины и поршневые двигатели, 2.5.10. - Гидравлические машины, вакуумная, компрессорная техника, гидро- и пневмосистемы, 2.9.6. - Аэронавигация и эксплуатация авиационной техники, 2.4.5. - Энергетические системы и комплексы, 2.1.3. - Теплоснабжение, вентиляция, кондиционирование воздуха, газоснабжение и освещение, 2.5.18. - Проектирование и конструкция судов, 2.5.20. - Судовые энергетические установки и их элементы (главные и вспомогательные), 2.8.5. - Строительство и эксплуатация нефтегазопроводов, баз и хранилищ, 2.4.8. - Машины и аппараты, процессы холодильной и криогенной техники, 2.5.12. - Аэродинамика и процессы теплообмена летательных аппаратов, 2.5.13. - Проектирование, конструкция, производство, испытания и эксплуатация летательных аппаратов, 2.5.14. - Прочность и тепловые режимы летательных аппаратов
35, Кафедра радиотехники, 2.2.16. - Радиолокация и радионавигация, 1.4.13. - Радиохимия, 1.3.4. - Радиофизика, 1.6.19. - Аэрокосмические исследования Земли, фотограмметрия, 2.4.9. - Ядерные энергетические установки, топливный цикл, радиационная безопасность, 2.2.13. - Радиотехника, в том числе системы и устройства телевидения, 2.2.14. - Антенны, СВЧ-устройства и их технологии, 3.1.6. - Онкология, лучевая терапия, 2.2.9. - Проектирование и технология приборостроения и радиоэлектронной аппаратуры, 2.6.8. - Технология редких, рассеянных и радиоактивных элементов
36, Кафедра терапии / медицины, 3.1.23. - Дерматовенерология, 3.3.4. - Токсикология, 3.3.5. - Судебная медицина, 5.8.3. - Коррекционная педагогика, 3.3.7. - Авиационная, космическая и морская медицина, 1.5.9. - Ботаника, 5.3.8. - Коррекционная психология и дефектология, 1.3.21. - Медицинская физика, 3.1.35. - Военно-полевая терапия, 3.1.19. - Эндокринология, 3.1.14. - Трансплантология и искусственные органы, 3.2.5. - Медицинская психология, 3.2.1. - Гигиена, 3.2.4. - Медицина труда, 3.1.33. - Восстановительная медицина, спортивная медицина, лечебная физкультура, курортология и физиотерапия, медико-социальная реабилитация, 3.1.8. - Травматология и ортопедия, 1.5.17. - Паразитология, 3.3.9. - Медицинская информатика, 2.2.12. - Приборы, системы и изделия медицинского назначения, 3.3.6. - Фармакология, клиническая фармакология, 3.1.12. - Анестезиология и реаниматология, 3.1.4. - Акушерство и гинекология, 3.1.20. - Кардиология, 3.1.21. - Педиатрия, 3.1.15. - Сердечно-сосудистая хирургия, 3.1.9. - Хирургия, 3.1.6. - Онкология, лучевая терапия, 3.1.30. - Гастроэнтерология и диетология, 3.1.18. - Внутренние болезни, 1.5.18. - Микология, 3.4.3. - Организация фармацевтического дела, 4.1.4. - Садоводство, овощеводство, виноградарство и лекарственные культуры, 3.1.13. - Урология и андрология, 1.5.24. - Нейробиология
37, Кафедра водоснабжения / водоотведения и охраны водных ресурсов, 2.9.7. - Эксплуатация водного транспорта, водные пути сообщения и гидрография, 4.1.5. - Мелиорация, водное хозяйство и агрофизика, 2.10.2. - Экологическая безопасность, 2.1.4. - Водоснабжение, канализация, строительные системы охраны водных ресурсов, 2.1.10. - Экологическая безопасность строительства и городского хозяйства, 3.2.1. - Гигиена, 4.1.6. - Лесоведение, лесоводство, лесные культуры, агролесомелиорация, озеленение, лесная пирология и таксация, 2.5.10. - Гидравлические машины, вакуумная, компрессорная техника, гидро- и пневмосистемы, 3.2.6. - Безопасность в чрезвычайных ситуациях, 5.2.7. - Государственное и муниципальное управление
38, Кафедра материаловедения, 2.6.4. - Обработка металлов давлением, 2.2.4. - Приборы и методы измерения (по видам измерений), 2.1.7. - Технология и организация строительства, 1.3.6. - Оптика, 2.6.3. - Литейное производство, 2.5.19. - Технология судостроения, судоремонта и организация судостроительного производства, 5.6.8. - Документалистика, документоведение, архивоведение, 2.6.15. - Мембраны и мембранная технология, 2.2.6. - Оптические и оптико-электронные приборы и комплексы, 2.8.1. - Технология и техника геологоразведочных работ, 2.1.1. - Строительные конструкции, здания и сооружения, 2.1.5. - Строительные материалы и изделия, 2.6.17. - Материаловедение, 2.2.8. - Методы и приборы контроля и диагностики материалов, изделий, веществ и природной, 2.5.22. - Управление качеством продукции. Стандартизация. Организация производства, 4.3.4. - Технологии, машины и оборудование для лесного хозяйства и переработки древесины, 2.2.12. - Приборы, системы и изделия медицинского назначения, 2.1.6. - Гидротехническое строительство, гидравлика и инженерная гидрология, 1.1.8. - Механика деформируемого твердого тела, 2.6.16. - Технология производства изделий текстильной и легкой промышленности, 2.6.11. - Технология и переработка синтетических и природных полимеров и композитов, 2.6.2. - Металлургия черных, цветных и редких металлов, 2.1.9. - Строительная механика, 2.2.2. - Электронная компонентная база микро- и наноэлектроники, квантовых устройств, 2.2.3. - Технология и оборудование для производства материалов и приборов электронной техники, 5.6.6. - История науки и техники, 2.5.9. - Методы и приборы контроля и диагностики материалов, изделий, веществ и природной, 2.6.14. - Технология силикатных и тугоплавких неметаллических материалов, 2.6.1. - Металловедение и термическая обработка металлов и сплавов, 2.5.5. - Технология и оборудование механической и физико-технической обработки, 2.5.6. - Технология машиностроения, 2.6.8. - Технология редких, рассеянных и радиоактивных элементов, 2.6.6. - Нанотехнологии и наноматериалы, 2.6.5. - Порошковая металлургия и композиционные материалы, 2.1.12. - Архитектура зданий и сооружений. Творческие концепции архитектурной деятельности, 2.8.9. - Обогащение полезных ископаемых
39, Кафедра биотехнологии / биохимии, 3.1.23. - Дерматовенерология, 1.4.13. - Радиохимия, 3.3.4. - Токсикология, 2.6.10. - Технология органических веществ, 1.5.8. - Математическая биология, биоинформатика, 1.1.10. - Биомеханика и биоинженерия, 3.1.19. - Эндокринология, 2.6.7. - Технология неорганических веществ, 3.1.14. - Трансплантология и искусственные органы, 1.4.9. - Биоорганическая химия, 1.5.3. - Молекулярная биология, 1.5.7. - Генетика, 3.2.1. - Гигиена, 3.2.4. - Медицина труда, 1.5.5. - Физиология человека и животных, 1.5.6. - Биотехнология, 3.1.33. - Восстановительная медицина, спортивная медицина, лечебная физкультура, курортология и физиотерапия, медико-социальная реабилитация, 1.4.7. - Высокомолекулярные соединения, 4.1.3. - Агрохимия, агропочвоведение, защита и карантин растений, 1.5.17. - Паразитология, 1.5.15. - Экология, 3.3.9. - Медицинская информатика, 2.2.12. - Приборы, системы и изделия медицинского назначения, 1.4.3. - Органическая химия, 1.4.8. - Химия элементоорганических соединений, 3.3.6. - Фармакология, клиническая фармакология, 3.1.12. - Анестезиология и реаниматология, 3.1.4. - Акушерство и гинекология, 2.6.11. - Технология и переработка синтетических и природных полимеров и композитов, 1.4.16. - Медицинская химия, 1.5.4. - Биохимия, 1.4.1. - Неорганическая химия, 1.5.18. - Микология, 1.4.10. - Коллоидная химия, 3.4.3. - Организация фармацевтического дела, 1.4.15. - Химия твердого тела, 2.6.6. - Нанотехнологии и наноматериалы, 4.1.4. - Садоводство, овощеводство, виноградарство и лекарственные культуры, 1.4.2. - Аналитическая химия, 3.1.13. - Урология и андрология, 1.5.2. - Биофизика, 1.4.6. - Электрохимия, 1.5.24. - Нейробиология, 1.4.11. - Бионеорганическая химия
40, Кафедра лазерной физики, 1.3.18. - Физика пучков заряженных частиц и ускорительная техника, 1.3.6. - Оптика, 1.3.9. - Физика плазмы, 2.2.7. - Фотоника, 2.2.6. - Оптические и оптико-электронные приборы и комплексы, 1.3.1. - Физика космоса, астрономия, 3.1.15. - Сердечно-сосудистая хирургия, 1.3.19. - Лазерная физика, 3.1.6. - Онкология, лучевая терапия, 1.3.11. - Физика полупроводников, 1.3.2. - Приборы и методы экспериментальной физики, 1.3.12. - Физика магнитных явлений, 2.4.11. - Светотехника
41, Кафедра энергетических систем / энергосбережения, 2.4.6. - Теоретическая и прикладная теплотехника, 2.10.2. - Экологическая безопасность, 2.6.9. - Технология электрохимических процессов и защита от коррозии, 1.3.13. - Электрофизика, электрофизические установки, 2.4.10. - Техносферная безопасность (в энергетике), 2.1.10. - Экологическая безопасность строительства и городского хозяйства, 2.6.12. - Химическая технология топлива и высокоэнергетических веществ, 2.6.18. - Охрана труда, пожарная и промышленная безопасность, 4.3.2. - Электротехнологии, электрооборудование и энергоснабжение агропромышленного комплекса, 5.2.5. - Мировая экономика, 2.1.14. - Управление жизненным циклом объектов строительства, 2.5.21. - Машины, агрегаты и технологические процессы, 1.6.18. - Науки об атмосфере и климате, 5.2.3. - Региональная и отраслевая экономика, 1.3.14. - Теплофизика и теоретическая теплотехника, 2.4.9. - Ядерные энергетические установки, топливный цикл, радиационная безопасность, 2.5.15. - Тепловые, электроракетные двигатели и энергоустановки летательных аппаратов, 2.4.3. - Электроэнергетика, 2.4.2. - Электротехнические комплексы и системы, 2.4.5. - Энергетические системы и комплексы, 3.2.6. - Безопасность в чрезвычайных ситуациях, 2.1.3. - Теплоснабжение, вентиляция, кондиционирование воздуха, газоснабжение и освещение, 2.5.20. - Судовые энергетические установки и их элементы (главные и вспомогательные), 2.10.3. - Безопасность труда, 2.2.15. - Системы, сети и устройства телекоммуникаций, 2.5.7. - Технологии и машины обработки давлением, 2.4.1. - Теоретическая и прикладная электротехника, 2.9.3. - Подвижной состав железных дорог, тяга поездов и электрификация, 2.4.8. - Машины и аппараты, процессы холодильной и криогенной техники, 2.4.4. - Электротехнология и электрофизика, 2.5.12. - Аэродинамика и процессы теплообмена летательных аппаратов, 2.5.14. - Прочность и тепловые режимы летательных аппаратов, 2.10.1. - Пожарная безопасность, 2.8.10. - Охрана труда, промышленная безопасность, безопасность в чрезвычайных ситуациях (недропользование), 2.4.11. - Светотехника
42, Кафедра автоматизации морских систем, 2.9.7. - Эксплуатация водного транспорта, водные пути сообщения и гидрография, 1.2.1. - Искусственный интеллект и машинное обучение, 2.5.19. - Технология судостроения, судоремонта и организация судостроительного производства, 2.9.8. - Интеллектуальные транспортные системы, 3.3.7. - Авиационная, космическая и морская медицина, 2.5.16. - Динамика, баллистика, управление движением летательных аппаратов, 2.2.5. - Приборы навигации, 2.5.17. - Теория корабля и строительная механика, 2.3.7. - Компьютерное моделирование и автоматизация проектирования, 2.9.9. - Логистические транспортные системы, 2.9.6. - Аэронавигация и эксплуатация авиационной техники, 2.3.3. - Автоматизация и управление технологическими процессами и производствами, 2.5.18. - Проектирование и конструкция судов, 2.3.6. - Методы и системы защиты информации, информационная безопасность, 2.5.4. - Роботы, мехатроника и робототехнические системы, 2.9.4. - Управление процессами перевозок, 2.5.12. - Аэродинамика и процессы теплообмена летательных аппаратов, 2.5.13. - Проектирование, конструкция, производство, испытания и эксплуатация летательных аппаратов, 2.9.10. - Техносферная безопасность транспортных систем
43, Кафедра промышленной безопасности, 2.10.2. - Экологическая безопасность, 2.6.9. - Технология электрохимических процессов и защита от коррозии, 2.1.15. - Безопасность объектов строительства, 2.5.3. - Трение и износ в машинах, 3.1.35. - Военно-полевая терапия, 2.4.10. - Техносферная безопасность (в энергетике), 2.1.10. - Экологическая безопасность строительства и городского хозяйства, 2.6.18. - Охрана труда, пожарная и промышленная безопасность, 5.1.4. - Уголовно-правовые науки, 2.4.9. - Ядерные энергетические установки, топливный цикл, радиационная безопасность, 2.9.6. - Аэронавигация и эксплуатация авиационной техники, 3.2.6. - Безопасность в чрезвычайных ситуациях, 5.6.7. - История международных отношений и внешней политики, 2.10.3. - Безопасность труда, 2.3.6. - Методы и системы защиты информации, информационная безопасность, 2.10.1. - Пожарная безопасность, 2.8.10. - Охрана труда, промышленная безопасность, безопасность в чрезвычайных ситуациях (недропользование), 1.2.4. - Кибербезопасность, 2.9.10. - Техносферная безопасность транспортных систем, 2.1.16. - Охрана труда в строительстве
44, Кафедра Филология / философия, 1.1.5. - Математическая логика, алгебра, теория чисел и дискретная математика, 5.7.4. - Этика, 5.7.9. - Философия религии и религиоведение, 5.7.6. - Философия науки и техники, 3.3.4. - Токсикология, 3.3.5. - Судебная медицина, 5.8.3. - Коррекционная педагогика, 1.5.9. - Ботаника, 5.7.5. - Логика, 5.4.1. - Теория, методология и история социологии, 5.3.8. - Коррекционная психология и дефектология, 1.6.2. - Палеонтология и стратиграфия, 1.6.5. - Литология, 1.5.14. - Энтомология, 5.11.1. - Теоретическая теология (по исследовательскому направлению: православие, ислам, иудаизм, протестантизм, буддизм), 5.4.5. - Политическая социология, 5.10.4. - Библиотековедение, библиографоведение и книговедение, 3.2.5. - Медицинская психология, 5.1.1. - Теоретико-исторические правовые науки, 5.1.2. - Публично-правовые (государственно-правовые) науки, 5.9.5. - Русский язык. Языки народов России, 5.9.8. - Теоретическая, прикладная и сравнительно-сопоставительная лингвистика, 5.8.1. - Общая педагогика, история педагогики и образования, 3.1.8. - Травматология и ортопедия, 5.3.5. - Социальная психология, политическая и экономическая психология, 5.1.4. - Уголовно-правовые науки, 5.6.1. - Отечественная история, 5.3.3. - Психология труда, инженерная психология, когнитивная эргономика, 5.2.1. - Экономическая теория, 1.5.17. - Паразитология, 5.7.7. - Социальная и политическая философия, 3.1.20. - Кардиология, 3.1.21. - Педиатрия, 5.7.2. - История философии, 5.6.2. - Всеобщая история, 3.1.30. - Гастроэнтерология и диетология, 3.3.1. - Анатомия и антропология, 5.3.4. - Педагогическая психология, психодиагностика цифровых образовательных сред, 3.1.29. - Пульмонология, 4.1.4. - Садоводство, овощеводство, виноградарство и лекарственные культуры, 3.1.13. - Урология и андрология, 5.7.1. - Онтология и теория познания, 5.4.2. - Экономическая социология, 5.12.1. - Междисциплинарные исследования когнитивных процессов
45, Кафедра навигации и гидрографии, 2.9.7. - Эксплуатация водного транспорта, водные пути сообщения и гидрография, 1.6.15. - Землеустройство, кадастр и мониторинг земель, 2.1.4. - Водоснабжение, канализация, строительные системы охраны водных ресурсов, 1.6.2. - Палеонтология и стратиграфия, 1.6.19. - Аэрокосмические исследования Земли, фотограмметрия, 1.6.22. - Геодезия, 2.2.5. - Приборы навигации, 1.6.9. - Геофизика, 1.6.21. - Геоэкология, 1.6.1. - Общая и региональная геология. Геотектоника и геодинамика, 2.5.18. - Проектирование и конструкция судов, 2.1.8. - Проектирование и строительство дорог, метрополитенов, аэродромов, мостов и транспортных тоннелей, 2.2.10. - Метрология и метрологическое обеспечение, 1.6.13. - Экономическая, социальная, политическая и рекреационная география, 1.6.20. - Геоинформатика, картография, 2.1.13. - Градостроительство, планировка сельских населенных пунктов
46, Кафедра органической химии, 2.6.13. - Процессы и аппараты химических технологий, 1.4.14. - Кинетика и катализ, 2.6.3. - Литейное производство, 1.4.13. - Радиохимия, 2.6.10. - Технология органических веществ, 2.6.7. - Технология неорганических веществ, 1.4.9. - Биоорганическая химия, 1.4.4. - Физическая химия, 1.5.3. - Молекулярная биология, 1.5.6. - Биотехнология, 1.4.7. - Высокомолекулярные соединения, 4.1.3. - Агрохимия, агропочвоведение, защита и карантин растений, 1.4.3. - Органическая химия, 1.4.8. - Химия элементоорганических соединений, 3.3.6. - Фармакология, клиническая фармакология, 2.6.11. - Технология и переработка синтетических и природных полимеров и композитов, 1.4.16. - Медицинская химия, 1.5.4. - Биохимия, 1.4.1. - Неорганическая химия, 1.4.10. - Коллоидная химия, 3.4.3. - Организация фармацевтического дела, 1.4.15. - Химия твердого тела, 1.4.2. - Аналитическая химия, 1.4.6. - Электрохимия, 1.4.12. - Нефтехимия, 1.4.11. - Бионеорганическая химия
47, Кафедра физики низких температур, 2.4.6. - Теоретическая и прикладная теплотехника, 1.3.18. - Физика пучков заряженных частиц и ускорительная техника, 1.3.9. - Физика плазмы, 1.3.4. - Радиофизика, 2.2.7. - Фотоника, 1.3.10. - Физика низких температур, 1.6.18. - Науки об атмосфере и климате, 1.3.3. - Теоретическая физика, 1.3.8. - Физика конденсированного состояния, 1.3.14. - Теплофизика и теоретическая теплотехника, 2.8.6. - Геомеханика, разрушение горных пород, рудничная аэрогазодинамика и горная теплофизика, 1.3.1. - Физика космоса, астрономия, 2.1.3. - Теплоснабжение, вентиляция, кондиционирование воздуха, газоснабжение и освещение, 1.3.19. - Лазерная физика, 1.3.11. - Физика полупроводников, 1.3.15. - Физика атомных ядер и элементарных частиц, физика высоких энергий, 1.3.2. - Приборы и методы экспериментальной физики, 2.5.12. - Аэродинамика и процессы теплообмена летательных аппаратов, 2.5.14. - Прочность и тепловые режимы летательных аппаратов, 1.3.12. - Физика магнитных явлений
48, Кафедра фотоники и оптоинформатики, 1.3.6. - Оптика, 2.2.7. - Фотоника, 1.6.19. - Аэрокосмические исследования Земли, фотограмметрия, 2.2.6. - Оптические и оптико-электронные приборы и комплексы, 2.2.14. - Антенны, СВЧ-устройства и их технологии, 2.4.11. - Светотехника
49, Кафедра ботаники / физиологии растений, 5.7.9. - Философия религии и религиоведение, 3.1.23. - Дерматовенерология, 1.5.9. - Ботаника, 1.5.8. - Математическая биология, биоинформатика, 1.1.10. - Биомеханика и биоинженерия, 1.6.5. - Литология, 3.1.19. - Эндокринология, 1.5.14. - Энтомология, 5.10.4. - Библиотековедение, библиографоведение и книговедение, 1.5.3. - Молекулярная биология, 1.5.7. - Генетика, 1.5.5. - Физиология человека и животных, 1.5.6. - Биотехнология, 4.1.6. - Лесоведение, лесоводство, лесные культуры, агролесомелиорация, озеленение, лесная пирология и таксация, 4.1.3. - Агрохимия, агропочвоведение, защита и карантин растений, 4.1.1. - Общее земледелие и растениеводство, 1.5.15. - Экология, 3.1.4. - Акушерство и гинекология, 3.1.21. - Педиатрия, 3.1.30. - Гастроэнтерология и диетология, 3.3.1. - Анатомия и антропология, 1.5.18. - Микология, 3.1.29. - Пульмонология, 4.1.4. - Садоводство, овощеводство, виноградарство и лекарственные культуры, 3.1.13. - Урология и андрология, 1.5.2. - Биофизика, 1.5.24. - Нейробиология
50, Кафедра химии полимеров, 2.6.13. - Процессы и аппараты химических технологий, 1.4.14. - Кинетика и катализ, 2.6.9. - Технология электрохимических процессов и защита от коррозии, 2.6.10. - Технология органических веществ, 2.6.7. - Технология неорганических веществ, 1.4.4. - Физическая химия, 1.5.3. - Молекулярная биология, 1.4.7. - Высокомолекулярные соединения, 2.2.8. - Методы и приборы контроля и диагностики материалов, изделий, веществ и природной, 1.4.3. - Органическая химия, 1.4.8. - Химия элементоорганических соединений, 2.6.11. - Технология и переработка синтетических и природных полимеров и композитов, 1.4.16. - Медицинская химия, 1.4.1. - Неорганическая химия, 2.2.2. - Электронная компонентная база микро- и наноэлектроники, квантовых устройств, 2.5.9. - Методы и приборы контроля и диагностики материалов, изделий, веществ и природной, 1.4.10. - Коллоидная химия, 2.6.14. - Технология силикатных и тугоплавких неметаллических материалов, 3.4.3. - Организация фармацевтического дела, 1.4.15. - Химия твердого тела, 2.6.6. - Нанотехнологии и наноматериалы, 1.4.2. - Аналитическая химия, 1.4.11. - Бионеорганическая химия
51, Кафедра системного анализа и управления / системного анализа, 2.2.4. - Приборы и методы измерения (по видам измерений), 2.3.2. - Вычислительные системы и их элементы, 5.4.7. - Социология управления, 3.1.3. - Оториноларингология, 5.4.1. - Теория, методология и история социологии, 5.3.8. - Коррекционная психология и дефектология, 2.3.1. - Системный анализ, управление и обработка информации, статистика, 5.8.2. - Теория и методика обучения и воспитания (по областям и уровням образования), 2.5.8. - Сварка, родственные процессы и технологии, 5.2.3. - Региональная и отраслевая экономика, 5.2.6. - Менеджмент, 2.2.8. - Методы и приборы контроля и диагностики материалов, изделий, веществ и природной, 2.5.22. - Управление качеством продукции. Стандартизация. Организация производства, 5.4.4. - Социальная структура, социальные институты и процессы, 5.5.3. - Государственное управление и отраслевые политики, 4.3.3. - Пищевые системы, 2.2.12. - Приборы, системы и изделия медицинского назначения, 2.9.1. - Транспортные и транспортно-технологические системы страны, ее регионов и городов, организация производства, 2.9.9. - Логистические транспортные системы, 3.2.6. - Безопасность в чрезвычайных ситуациях, 1.1.1. - Вещественный, комплексный и функциональный анализ, 5.2.2. - Математические, статистические и инструментальные методы в экономике, 3.1.18. - Внутренние болезни, 2.3.3. - Автоматизация и управление технологическими процессами и производствами, 2.3.4. - Управление в организационных системах, 2.2.15. - Системы, сети и устройства телекоммуникаций, 2.3.6. - Методы и системы защиты информации, информационная безопасность, 2.5.9. - Методы и приборы контроля и диагностики материалов, изделий, веществ и природной, 2.2.10. - Метрология и метрологическое обеспечение, 2.2.11. - Информационно-измерительные и управляющие системы, 2.9.4. - Управление процессами перевозок, 5.2.7. - Государственное и муниципальное управление, 5.12.1. - Междисциплинарные исследования когнитивных процессов, 1.4.5. - Хемоинформатика
52, Кафедра робототехники, 1.2.1. - Искусственный интеллект и машинное обучение, 2.5.2. - Машиноведение, 3.1.14. - Трансплантология и искусственные органы, 1.1.7. - Теоретическая механика, динамика машин, 1.1.8. - Механика деформируемого твердого тела, 2.5.4. - Роботы, мехатроника и робототехнические системы
53, Кафедра фармакологии, 3.3.4. - Токсикология, 3.3.5. - Судебная медицина, 3.1.35. - Военно-полевая терапия, 3.2.5. - Медицинская психология, 5.9.5. - Русский язык. Языки народов России, 3.2.4. - Медицина труда, 3.1.33. - Восстановительная медицина, спортивная медицина, лечебная физкультура, курортология и физиотерапия, медико-социальная реабилитация, 3.3.9. - Медицинская информатика, 2.2.12. - Приборы, системы и изделия медицинского назначения, 3.3.6. - Фармакология, клиническая фармакология, 3.1.12. - Анестезиология и реаниматология, 3.1.4. - Акушерство и гинекология, 3.1.15. - Сердечно-сосудистая хирургия, 3.1.9. - Хирургия, 1.4.16. - Медицинская химия, 3.1.6. - Онкология, лучевая терапия, 3.1.18. - Внутренние болезни, 3.4.3. - Организация фармацевтического дела, 3.1.13. - Урология и андрология
54, Кафедра транспорта нефтегазовых систем, 2.9.7. - Эксплуатация водного транспорта, водные пути сообщения и гидрография, 2.8.4. - Разработка и эксплуатация нефтяных и газовых месторождений, 2.9.5. - Эксплуатация автомобильного транспорта, 2.9.8. - Интеллектуальные транспортные системы, 2.9.2. - Железнодорожный путь, изыскание и проектирование железных дорог, 2.5.3. - Трение и износ в машинах, 1.6.11. - Геология, поиски, разведка и эксплуатация нефтяных и газовых месторождений, 2.6.12. - Химическая технология топлива и высокоэнергетических веществ, 2.4.9. - Ядерные энергетические установки, топливный цикл, радиационная безопасность, 1.1.9. - Механика жидкости, газа и плазмы, 2.4.7. - Турбомашины и поршневые двигатели, 2.9.1. - Транспортные и транспортно-технологические системы страны, ее регионов и городов, организация производства, 2.9.9. - Логистические транспортные системы, 2.1.3. - Теплоснабжение, вентиляция, кондиционирование воздуха, газоснабжение и освещение, 2.5.11. - Наземные транспортно-технологические средства и комплексы, 2.8.5. - Строительство и эксплуатация нефтегазопроводов, баз и хранилищ, 2.9.3. - Подвижной состав железных дорог, тяга поездов и электрификация, 2.9.4. - Управление процессами перевозок, 1.4.12. - Нефтехимия, 2.9.10. - Техносферная безопасность транспортных систем
55, Кафедра автомобильных дорог / автомобильного транспорта, 2.9.7. - Эксплуатация водного транспорта, водные пути сообщения и гидрография, 2.9.5. - Эксплуатация автомобильного транспорта, 2.9.8. - Интеллектуальные транспортные системы, 2.9.2. - Железнодорожный путь, изыскание и проектирование железных дорог, 2.5.3. - Трение и износ в машинах, 2.2.5. - Приборы навигации, 2.4.7. - Турбомашины и поршневые двигатели, 2.9.1. - Транспортные и транспортно-технологические системы страны, ее регионов и городов, организация производства, 2.9.9. - Логистические транспортные системы, 2.9.6. - Аэронавигация и эксплуатация авиационной техники, 2.5.11. - Наземные транспортно-технологические средства и комплексы, 2.1.8. - Проектирование и строительство дорог, метрополитенов, аэродромов, мостов и транспортных тоннелей, 2.9.3. - Подвижной состав железных дорог, тяга поездов и электрификация, 2.9.4. - Управление процессами перевозок, 2.1.13. - Градостроительство, планировка сельских населенных пунктов, 2.9.10. - Техносферная безопасность транспортных систем
56, Кафедра физики элементарных частиц, 1.3.18. - Физика пучков заряженных частиц и ускорительная техника, 1.3.9. - Физика плазмы, 1.3.4. - Радиофизика, 2.2.7. - Фотоника, 1.3.17. - Химическая физика, горение и взрыв, физика экстремальных состояний вещества, 1.3.10. - Физика низких температур, 1.3.16. - Атомная и молекулярная физика, 1.3.3. - Теоретическая физика, 1.3.8. - Физика конденсированного состояния, 1.3.1. - Физика космоса, астрономия, 1.3.19. - Лазерная физика, 2.2.2. - Электронная компонентная база микро- и наноэлектроники, квантовых устройств, 1.3.11. - Физика полупроводников, 1.3.15. - Физика атомных ядер и элементарных частиц, физика высоких энергий, 1.3.2. - Приборы и методы экспериментальной физики, 2.6.8. - Технология редких, рассеянных и радиоактивных элементов, 2.6.6. - Нанотехнологии и наноматериалы, 1.3.12. - Физика магнитных явлений
57, Кафедра нефтегазового дела / разработки и эксплуатации нефтяных месторождений, 2.8.4. - Разработка и эксплуатация нефтяных и газовых месторождений, 2.1.4. - Водоснабжение, канализация, строительные системы охраны водных ресурсов, 2.6.3. - Литейное производство, 1.6.11. - Геология, поиски, разведка и эксплуатация нефтяных и газовых месторождений, 2.6.12. - Химическая технология топлива и высокоэнергетических веществ, 2.6.18. - Охрана труда, пожарная и промышленная безопасность, 4.3.1. - Технологии, машины и оборудование для агропромышленного комплекса, 4.3.2. - Электротехнологии, электрооборудование и энергоснабжение агропромышленного комплекса, 5.9.5. - Русский язык. Языки народов России, 5.2.5. - Мировая экономика, 5.2.3. - Региональная и отраслевая экономика, 2.5.22. - Управление качеством продукции. Стандартизация. Организация производства, 2.8.8. - Геотехнология, горные машины, 1.1.9. - Механика жидкости, газа и плазмы, 1.6.7. - Инженерная геология, мерзлотоведение и грунтоведение, 2.1.3. - Теплоснабжение, вентиляция, кондиционирование воздуха, газоснабжение и освещение, 1.6.10. - Геология, поиски и разведка твердых полезных ископаемых, минерагения, 2.8.5. - Строительство и эксплуатация нефтегазопроводов, баз и хранилищ, 2.8.3. - Горнопромышленная и нефтегазопромысловая геология, геофизика, маркшейдерское дело и геометрия недр, 1.4.12. - Нефтехимия
58, Кафедра информационных систем в транспорте, 2.9.7. - Эксплуатация водного транспорта, водные пути сообщения и гидрография, 2.2.16. - Радиолокация и радионавигация, 2.9.5. - Эксплуатация автомобильного транспорта, 2.9.8. - Интеллектуальные транспортные системы, 2.9.2. - Железнодорожный путь, изыскание и проектирование железных дорог, 2.5.3. - Трение и износ в машинах, 5.6.8. - Документалистика, документоведение, архивоведение, 2.2.5. - Приборы навигации, 2.3.1. - Системный анализ, управление и обработка информации, статистика, 2.9.1. - Транспортные и транспортно-технологические системы страны, ее регионов и городов, организация производства, 2.9.9. - Логистические транспортные системы, 2.9.6. - Аэронавигация и эксплуатация авиационной техники, 2.2.13. - Радиотехника, в том числе системы и устройства телевидения, 3.2.6. - Безопасность в чрезвычайных ситуациях, 2.3.8. - Информатика и информационные процессы, 2.5.11. - Наземные транспортно-технологические средства и комплексы, 2.3.4. - Управление в организационных системах, 2.2.15. - Системы, сети и устройства телекоммуникаций, 2.3.6. - Методы и системы защиты информации, информационная безопасность, 2.2.11. - Информационно-измерительные и управляющие системы, 2.9.3. - Подвижной состав железных дорог, тяга поездов и электрификация, 2.9.4. - Управление процессами перевозок, 2.8.10. - Охрана труда, промышленная безопасность, безопасность в чрезвычайных ситуациях (недропользование), 2.9.10. - Техносферная безопасность транспортных систем
59, Кафедра судовых двигателей, 2.9.5. - Эксплуатация автомобильного транспорта, 2.5.19. - Технология судостроения, судоремонта и организация судостроительного производства, 2.9.2. - Железнодорожный путь, изыскание и проектирование железных дорог, 2.5.3. - Трение и износ в машинах, 2.5.16. - Динамика, баллистика, управление движением летательных аппаратов, 2.5.17. - Теория корабля и строительная механика, 5.1.1. - Теоретико-исторические правовые науки, 2.4.7. - Турбомашины и поршневые двигатели, 2.5.10. - Гидравлические машины, вакуумная, компрессорная техника, гидро- и пневмосистемы, 2.9.9. - Логистические транспортные системы, 2.9.6. - Аэронавигация и эксплуатация авиационной техники, 2.5.18. - Проектирование и конструкция судов, 2.5.20. - Судовые энергетические установки и их элементы (главные и вспомогательные), 2.5.11. - Наземные транспортно-технологические средства и комплексы, 2.9.3. - Подвижной состав железных дорог, тяга поездов и электрификация, 2.9.4. - Управление процессами перевозок, 2.5.12. - Аэродинамика и процессы теплообмена летательных аппаратов, 2.5.13. - Проектирование, конструкция, производство, испытания и эксплуатация летательных аппаратов, 2.5.14. - Прочность и тепловые режимы летательных аппаратов, 2.9.10. - Техносферная безопасность транспортных систем
60, Кафедра физики конденсированного состояния / физики тонких плёнок, 2.4.6. - Теоретическая и прикладная теплотехника, 2.6.4. - Обработка металлов давлением, 2.2.4. - Приборы и методы измерения (по видам измерений), 1.1.5. - Математическая логика, алгебра, теория чисел и дискретная математика, 1.3.18. - Физика пучков заряженных частиц и ускорительная техника, 2.2.16. - Радиолокация и радионавигация, 1.3.6. - Оптика, 1.3.9. - Физика плазмы, 1.3.13. - Электрофизика, электрофизические установки, 1.3.4. - Радиофизика, 1.3.5. - Физическая электроника, 2.2.7. - Фотоника, 3.1.3. - Оториноларингология, 1.3.17. - Химическая физика, горение и взрыв, физика экстремальных состояний вещества, 1.3.21. - Медицинская физика, 2.6.15. - Мембраны и мембранная технология, 2.2.6. - Оптические и оптико-электронные приборы и комплексы, 1.3.10. - Физика низких температур, 1.3.20. - Кристаллография, физика кристаллов, 1.3.16. - Атомная и молекулярная физика, 1.3.3. - Теоретическая физика, 1.3.8. - Физика конденсированного состояния, 1.3.14. - Теплофизика и теоретическая теплотехника, 1.1.7. - Теоретическая механика, динамика машин, 1.3.1. - Физика космоса, астрономия, 4.3.3. - Пищевые системы, 1.1.8. - Механика деформируемого твердого тела, 2.4.5. - Энергетические системы и комплексы, 2.2.14. - Антенны, СВЧ-устройства и их технологии, 1.3.19. - Лазерная физика, 2.2.2. - Электронная компонентная база микро- и наноэлектроники, квантовых устройств, 1.1.2. - Дифференциальные уравнения и математическая физика, 2.6.14. - Технология силикатных и тугоплавких неметаллических материалов, 1.3.11. - Физика полупроводников, 1.3.15. - Физика атомных ядер и элементарных частиц, физика высоких энергий, 1.3.2. - Приборы и методы экспериментальной физики, 1.1.4. - Теория вероятностей и математическая статистика, 1.3.12. - Физика магнитных явлений, 2.4.11. - Светотехника
61, Кафедра кардиологии, 3.3.5. - Судебная медицина, 3.3.7. - Авиационная, космическая и морская медицина, 1.3.21. - Медицинская физика, 3.1.35. - Военно-полевая терапия, 3.1.19. - Эндокринология, 3.1.14. - Трансплантология и искусственные органы, 3.2.5. - Медицинская психология, 3.2.4. - Медицина труда, 3.1.33. - Восстановительная медицина, спортивная медицина, лечебная физкультура, курортология и физиотерапия, медико-социальная реабилитация, 3.1.8. - Травматология и ортопедия, 3.3.9. - Медицинская информатика, 3.1.12. - Анестезиология и реаниматология, 3.1.20. - Кардиология, 3.1.15. - Сердечно-сосудистая хирургия, 3.1.9. - Хирургия, 3.1.6. - Онкология, лучевая терапия, 3.1.30. - Гастроэнтерология и диетология, 5.8.4. - Физическая культура и профессиональная физическая подготовка, 3.1.18. - Внутренние болезни
62, Кафедра Психология, 5.7.4. - Этика, 5.7.9. - Философия религии и религиоведение, 3.1.23. - Дерматовенерология, 3.3.4. - Токсикология, 3.3.5. - Судебная медицина, 5.8.3. - Коррекционная педагогика, 5.4.7. - Социология управления, 1.5.9. - Ботаника, 5.7.5. - Логика, 3.1.3. - Оториноларингология, 5.4.1. - Теория, методология и история социологии, 5.3.8. - Коррекционная психология и дефектология, 1.6.5. - Литология, 3.1.35. - Военно-полевая терапия, 3.1.19. - Эндокринология, 5.11.1. - Теоретическая теология (по исследовательскому направлению: православие, ислам, иудаизм, протестантизм, буддизм), 5.4.5. - Политическая социология, 3.2.5. - Медицинская психология, 5.1.1. - Теоретико-исторические правовые науки, 5.9.8. - Теоретическая, прикладная и сравнительно-сопоставительная лингвистика, 1.5.7. - Генетика, 5.8.1. - Общая педагогика, история педагогики и образования, 5.8.2. - Теория и методика обучения и воспитания (по областям и уровням образования), 5.8.5. - Теория и методика спорта, 3.2.1. - Гигиена, 3.2.4. - Медицина труда, 1.5.5. - Физиология человека и животных, 3.1.33. - Восстановительная медицина, спортивная медицина, лечебная физкультура, курортология и физиотерапия, медико-социальная реабилитация, 3.1.8. - Травматология и ортопедия, 5.3.5. - Социальная психология, политическая и экономическая психология, 5.1.4. - Уголовно-правовые науки, 5.6.1. - Отечественная история, 5.3.3. - Психология труда, инженерная психология, когнитивная эргономика, 1.5.17. - Паразитология, 5.7.7. - Социальная и политическая философия, 3.1.12. - Анестезиология и реаниматология, 3.1.20. - Кардиология, 3.1.21. - Педиатрия, 5.7.2. - История философии, 1.1.1. - Вещественный, комплексный и функциональный анализ, 3.1.6. - Онкология, лучевая терапия, 5.6.2. - Всеобщая история, 3.1.30. - Гастроэнтерология и диетология, 5.8.4. - Физическая культура и профессиональная физическая подготовка, 3.1.18. - Внутренние болезни, 3.3.1. - Анатомия и антропология, 5.3.4. - Педагогическая психология, психодиагностика цифровых образовательных сред, 1.5.18. - Микология, 3.1.29. - Пульмонология, 3.1.13. - Урология и андрология, 5.7.1. - Онтология и теория познания, 5.4.2. - Экономическая социология, 5.12.1. - Междисциплинарные исследования когнитивных процессов, 1.5.24. - Нейробиология, 1.4.5. - Хемоинформатика
63, Кафедра прочности машин, 2.6.4. - Обработка металлов давлением, 2.8.2. - Технология бурения и освоения скважин, 2.2.4. - Приборы и методы измерения (по видам измерений), 2.9.5. - Эксплуатация автомобильного транспорта, 2.5.2. - Машиноведение, 2.5.3. - Трение и износ в машинах, 2.5.16. - Динамика, баллистика, управление движением летательных аппаратов, 2.5.17. - Теория корабля и строительная механика, 4.3.1. - Технологии, машины и оборудование для агропромышленного комплекса, 2.5.21. - Машины, агрегаты и технологические процессы, 5.8.5. - Теория и методика спорта, 1.1.7. - Теоретическая механика, динамика машин, 2.4.7. - Турбомашины и поршневые двигатели, 2.5.10. - Гидравлические машины, вакуумная, компрессорная техника, гидро- и пневмосистемы, 2.9.9. - Логистические транспортные системы, 1.1.8. - Механика деформируемого твердого тела, 2.9.6. - Аэронавигация и эксплуатация авиационной техники, 2.1.9. - Строительная механика, 5.8.4. - Физическая культура и профессиональная физическая подготовка, 2.5.20. - Судовые энергетические установки и их элементы (главные и вспомогательные), 2.5.11. - Наземные транспортно-технологические средства и комплексы, 2.10.3. - Безопасность труда, 2.5.5. - Технология и оборудование механической и физико-технической обработки, 2.5.6. - Технология машиностроения, 2.5.7. - Технологии и машины обработки давлением, 2.5.4. - Роботы, мехатроника и робототехнические системы, 2.9.3. - Подвижной состав железных дорог, тяга поездов и электрификация, 2.4.8. - Машины и аппараты, процессы холодильной и криогенной техники, 2.5.13. - Проектирование, конструкция, производство, испытания и эксплуатация летательных аппаратов, 2.5.14. - Прочность и тепловые режимы летательных аппаратов, 2.9.10. - Техносферная безопасность транспортных систем
64, Кафедра геологии и разведки месторождений / геологии и разработки месторождений / геодезии, 1.6.6. - Гидрогеология, 1.6.15. - Землеустройство, кадастр и мониторинг земель, 2.2.16. - Радиолокация и радионавигация, 1.6.2. - Палеонтология и стратиграфия, 1.6.19. - Аэрокосмические исследования Земли, фотограмметрия, 1.6.22. - Геодезия, 2.2.5. - Приборы навигации, 1.5.14. - Энтомология, 1.6.14. - Геоморфология и палеогеография, 1.6.11. - Геология, поиски, разведка и эксплуатация нефтяных и газовых месторождений, 2.8.1. - Технология и техника геологоразведочных работ, 5.6.1. - Отечественная история, 4.1.6. - Лесоведение, лесоводство, лесные культуры, агролесомелиорация, озеленение, лесная пирология и таксация, 1.6.9. - Геофизика, 2.8.6. - Геомеханика, разрушение горных пород, рудничная аэрогазодинамика и горная теплофизика, 2.8.7. - Теоретические основы проектирования горно-технических систем, 2.8.8. - Геотехнология, горные машины, 2.1.2. - Основания и фундаменты, подземные сооружения, 1.6.12. - Физическая география и биогеография, география почв и геохимия ландшафтов, 1.6.7. - Инженерная геология, мерзлотоведение и грунтоведение, 1.1.3. - Геометрия и топология, 1.6.21. - Геоэкология, 5.6.7. - История международных отношений и внешней политики, 3.3.1. - Анатомия и антропология, 1.6.1. - Общая и региональная геология. Геотектоника и геодинамика, 1.6.10. - Геология, поиски и разведка твердых полезных ископаемых, минерагения, 1.6.4. - Минералогия, кристаллография. Геохимия, геохимические методы поисков полезных ископаемых, 2.2.10. - Метрология и метрологическое обеспечение, 1.6.13. - Экономическая, социальная, политическая и рекреационная география, 1.6.20. - Геоинформатика, картография, 2.8.3. - Горнопромышленная и нефтегазопромысловая геология, геофизика, маркшейдерское дело и геометрия недр, 2.1.11. - Теория и история архитектуры, реставрация и реконструкция историко-архитектурного наследия, 2.1.13. - Градостроительство, планировка сельских населенных пунктов, 2.8.9. - Обогащение полезных ископаемых
65, Кафедра физики полупроводников, 1.3.18. - Физика пучков заряженных частиц и ускорительная техника, 1.3.6. - Оптика, 1.3.9. - Физика плазмы, 1.3.13. - Электрофизика, электрофизические установки, 1.3.4. - Радиофизика, 1.3.5. - Физическая электроника, 2.2.7. - Фотоника, 1.3.17. - Химическая физика, горение и взрыв, физика экстремальных состояний вещества, 2.2.1. - Вакуумная и плазменная электроника, 2.2.6. - Оптические и оптико-электронные приборы и комплексы, 1.3.20. - Кристаллография, физика кристаллов, 1.3.16. - Атомная и молекулярная физика, 1.3.3. - Теоретическая физика, 1.3.8. - Физика конденсированного состояния, 2.4.2. - Электротехнические комплексы и системы, 1.3.1. - Физика космоса, астрономия, 2.2.14. - Антенны, СВЧ-устройства и их технологии, 1.3.19. - Лазерная физика, 2.2.2. - Электронная компонентная база микро- и наноэлектроники, квантовых устройств, 2.6.14. - Технология силикатных и тугоплавких неметаллических материалов, 1.3.11. - Физика полупроводников, 1.3.15. - Физика атомных ядер и элементарных частиц, физика высоких энергий, 1.3.2. - Приборы и методы экспериментальной физики, 2.4.1. - Теоретическая и прикладная электротехника, 2.6.6. - Нанотехнологии и наноматериалы, 2.4.4. - Электротехнология и электрофизика, 1.3.12. - Физика магнитных явлений, 2.4.11. - Светотехника
66, Кафедра архитектуры, 2.1.7. - Технология и организация строительства, 1.6.15. - Землеустройство, кадастр и мониторинг земель, 2.1.15. - Безопасность объектов строительства, 1.6.2. - Палеонтология и стратиграфия, 5.11.1. - Теоретическая теология (по исследовательскому направлению: православие, ислам, иудаизм, протестантизм, буддизм), 2.1.10. - Экологическая безопасность строительства и городского хозяйства, 2.1.1. - Строительные конструкции, здания и сооружения, 2.1.14. - Управление жизненным циклом объектов строительства, 2.1.5. - Строительные материалы и изделия, 2.8.7. - Теоретические основы проектирования горно-технических систем, 2.1.2. - Основания и фундаменты, подземные сооружения, 5.7.7. - Социальная и политическая философия, 2.1.6. - Гидротехническое строительство, гидравлика и инженерная гидрология, 2.1.9. - Строительная механика, 2.5.18. - Проектирование и конструкция судов, 2.1.8. - Проектирование и строительство дорог, метрополитенов, аэродромов, мостов и транспортных тоннелей, 5.2.7. - Государственное и муниципальное управление, 2.1.11. - Теория и история архитектуры, реставрация и реконструкция историко-архитектурного наследия, 2.1.12. - Архитектура зданий и сооружений. Творческие концепции архитектурной деятельности, 2.1.13. - Градостроительство, планировка сельских населенных пунктов, 2.1.16. - Охрана труда в строительстве
67, Кафедра хирургии, 3.3.5. - Судебная медицина, 3.1.35. - Военно-полевая терапия, 3.1.19. - Эндокринология, 3.1.14. - Трансплантология и искусственные органы, 3.2.5. - Медицинская психология, 3.2.4. - Медицина труда, 3.1.33. - Восстановительная медицина, спортивная медицина, лечебная физкультура, курортология и физиотерапия, медико-социальная реабилитация, 3.1.8. - Травматология и ортопедия, 3.3.9. - Медицинская информатика, 2.2.12. - Приборы, системы и изделия медицинского назначения, 3.3.6. - Фармакология, клиническая фармакология, 3.1.12. - Анестезиология и реаниматология, 3.1.4. - Акушерство и гинекология, 3.1.20. - Кардиология, 3.1.21. - Педиатрия, 3.1.15. - Сердечно-сосудистая хирургия, 3.1.9. - Хирургия, 3.1.6. - Онкология, лучевая терапия, 3.1.18. - Внутренние болезни, 3.1.13. - Урология и андрология
68, Кафедра теплоэнергетики и теплотехники, 2.4.6. - Теоретическая и прикладная теплотехника, 1.3.10. - Физика низких температур, 2.4.10. - Техносферная безопасность (в энергетике), 2.6.12. - Химическая технология топлива и высокоэнергетических веществ, 4.3.2. - Электротехнологии, электрооборудование и энергоснабжение агропромышленного комплекса, 1.6.18. - Науки об атмосфере и климате, 1.3.14. - Теплофизика и теоретическая теплотехника, 2.4.9. - Ядерные энергетические установки, топливный цикл, радиационная безопасность, 2.5.15. - Тепловые, электроракетные двигатели и энергоустановки летательных аппаратов, 2.8.6. - Геомеханика, разрушение горных пород, рудничная аэрогазодинамика и горная теплофизика, 2.4.3. - Электроэнергетика, 1.1.9. - Механика жидкости, газа и плазмы, 2.4.5. - Энергетические системы и комплексы, 2.1.3. - Теплоснабжение, вентиляция, кондиционирование воздуха, газоснабжение и освещение, 2.5.20. - Судовые энергетические установки и их элементы (главные и вспомогательные), 2.6.1. - Металловедение и термическая обработка металлов и сплавов, 2.5.7. - Технологии и машины обработки давлением, 2.4.1. - Теоретическая и прикладная электротехника, 2.4.8. - Машины и аппараты, процессы холодильной и криогенной техники, 2.5.12. - Аэродинамика и процессы теплообмена летательных аппаратов, 2.5.14. - Прочность и тепловые режимы летательных аппаратов, 2.10.1. - Пожарная безопасность
69, Кафедра градостроительства, 1.6.15. - Землеустройство, кадастр и мониторинг земель, 2.1.4. - Водоснабжение, канализация, строительные системы охраны водных ресурсов, 2.1.15. - Безопасность объектов строительства, 5.4.7. - Социология управления, 5.4.5. - Политическая социология, 2.1.10. - Экологическая безопасность строительства и городского хозяйства, 2.1.1. - Строительные конструкции, здания и сооружения, 2.1.14. - Управление жизненным циклом объектов строительства, 4.1.6. - Лесоведение, лесоводство, лесные культуры, агролесомелиорация, озеленение, лесная пирология и таксация, 5.2.3. - Региональная и отраслевая экономика, 2.1.2. - Основания и фундаменты, подземные сооружения, 5.4.4. - Социальная структура, социальные институты и процессы, 5.7.7. - Социальная и политическая философия, 5.5.3. - Государственное управление и отраслевые политики, 2.9.1. - Транспортные и транспортно-технологические системы страны, ее регионов и городов, организация производства, 2.1.8. - Проектирование и строительство дорог, метрополитенов, аэродромов, мостов и транспортных тоннелей, 1.6.13. - Экономическая, социальная, политическая и рекреационная география, 5.2.7. - Государственное и муниципальное управление, 2.1.11. - Теория и история архитектуры, реставрация и реконструкция историко-архитектурного наследия, 2.1.12. - Архитектура зданий и сооружений. Творческие концепции архитектурной деятельности, 2.1.13. - Градостроительство, планировка сельских населенных пунктов, 2.1.16. - Охрана труда в строительстве
70, Кафедра химической технологии, 2.6.4. - Обработка металлов давлением, 2.8.4. - Разработка и эксплуатация нефтяных и газовых месторождений, 2.6.13. - Процессы и аппараты химических технологий, 1.4.14. - Кинетика и катализ, 2.6.3. - Литейное производство, 1.4.13. - Радиохимия, 2.6.9. - Технология электрохимических процессов и защита от коррозии, 2.6.10. - Технология органических веществ, 1.3.5. - Физическая электроника, 2.6.15. - Мембраны и мембранная технология, 2.2.1. - Вакуумная и плазменная электроника, 2.6.7. - Технология неорганических веществ, 1.4.9. - Биоорганическая химия, 1.4.4. - Физическая химия, 2.6.12. - Химическая технология топлива и высокоэнергетических веществ, 1.5.6. - Биотехнология, 1.4.7. - Высокомолекулярные соединения, 2.4.9. - Ядерные энергетические установки, топливный цикл, радиационная безопасность, 2.2.8. - Методы и приборы контроля и диагностики материалов, изделий, веществ и природной, 1.1.9. - Механика жидкости, газа и плазмы, 1.4.3. - Органическая химия, 1.4.8. - Химия элементоорганических соединений, 2.6.11. - Технология и переработка синтетических и природных полимеров и композитов, 1.4.16. - Медицинская химия, 2.6.2. - Металлургия черных, цветных и редких металлов, 1.4.1. - Неорганическая химия, 2.2.2. - Электронная компонентная база микро- и наноэлектроники, квантовых устройств, 2.2.3. - Технология и оборудование для производства материалов и приборов электронной техники, 5.6.6. - История науки и техники, 2.5.9. - Методы и приборы контроля и диагностики материалов, изделий, веществ и природной, 1.4.10. - Коллоидная химия, 2.6.14. - Технология силикатных и тугоплавких неметаллических материалов, 2.6.1. - Металловедение и термическая обработка металлов и сплавов, 2.6.8. - Технология редких, рассеянных и радиоактивных элементов, 3.4.3. - Организация фармацевтического дела, 1.4.15. - Химия твердого тела, 2.6.6. - Нанотехнологии и наноматериалы, 1.4.2. - Аналитическая химия, 2.6.5. - Порошковая металлургия и композиционные материалы, 1.4.6. - Электрохимия, 1.4.12. - Нефтехимия, 1.4.11. - Бионеорганическая химия
71, Кафедра физики металлов, 2.4.6. - Теоретическая и прикладная теплотехника, 2.6.4. - Обработка металлов давлением, 1.3.18. - Физика пучков заряженных частиц и ускорительная техника, 1.3.9. - Физика плазмы, 1.3.13. - Электрофизика, электрофизические установки, 1.3.4. - Радиофизика, 1.3.5. - Физическая электроника, 1.3.17. - Химическая физика, горение и взрыв, физика экстремальных состояний вещества, 2.2.1. - Вакуумная и плазменная электроника, 2.2.6. - Оптические и оптико-электронные приборы и комплексы, 1.3.10. - Физика низких температур, 1.3.20. - Кристаллография, физика кристаллов, 1.4.4. - Физическая химия, 1.3.16. - Атомная и молекулярная физика, 1.3.3. - Теоретическая физика, 1.3.8. - Физика конденсированного состояния, 1.3.14. - Теплофизика и теоретическая теплотехника, 2.4.2. - Электротехнические комплексы и системы, 1.3.1. - Физика космоса, астрономия, 2.6.2. - Металлургия черных, цветных и редких металлов, 1.3.19. - Лазерная физика, 2.2.2. - Электронная компонентная база микро- и наноэлектроники, квантовых устройств, 1.4.10. - Коллоидная химия, 2.6.14. - Технология силикатных и тугоплавких неметаллических материалов, 2.6.1. - Металловедение и термическая обработка металлов и сплавов, 1.3.11. - Физика полупроводников, 1.3.15. - Физика атомных ядер и элементарных частиц, физика высоких энергий, 1.3.2. - Приборы и методы экспериментальной физики, 2.6.8. - Технология редких, рассеянных и радиоактивных элементов, 2.6.6. - Нанотехнологии и наноматериалы, 1.4.2. - Аналитическая химия, 2.6.5. - Порошковая металлургия и композиционные материалы, 2.4.4. - Электротехнология и электрофизика, 1.4.6. - Электрохимия, 1.3.12. - Физика магнитных явлений
72, Кафедра систем связи, 2.2.16. - Радиолокация и радионавигация, 5.9.5. - Русский язык. Языки народов России, 2.3.1. - Системный анализ, управление и обработка информации, статистика, 5.8.7. - Методология и технология профессионального образования, 2.5.8. - Сварка, родственные процессы и технологии, 2.3.5. - Математическое и программное обеспечение вычислительных систем, комплексов и компьютерных сетей, 5.4.4. - Социальная структура, социальные институты и процессы, 2.2.13. - Радиотехника, в том числе системы и устройства телевидения, 2.3.8. - Информатика и информационные процессы, 5.3.4. - Педагогическая психология, психодиагностика цифровых образовательных сред, 2.3.4. - Управление в организационных системах, 2.2.15. - Системы, сети и устройства телекоммуникаций, 2.3.6. - Методы и системы защиты информации, информационная безопасность, 2.2.9. - Проектирование и технология приборостроения и радиоэлектронной аппаратуры, 2.2.11. - Информационно-измерительные и управляющие системы, 1.2.4. - Кибербезопасность
73, Кафедра математического моделирования, 2.2.4. - Приборы и методы измерения (по видам измерений), 1.1.5. - Математическая логика, алгебра, теория чисел и дискретная математика, 1.1.6. - Вычислительная математика, 5.7.5. - Логика, 1.5.8. - Математическая биология, биоинформатика, 5.3.8. - Коррекционная психология и дефектология, 5.9.8. - Теоретическая, прикладная и сравнительно-сопоставительная лингвистика, 1.3.3. - Теоретическая физика, 1.2.2. - Математическое моделирование, численные методы и комплексы программ, 5.2.4. - Финансы, 2.3.7. - Компьютерное моделирование и автоматизация проектирования, 5.2.1. - Экономическая теория, 1.1.1. - Вещественный, комплексный и функциональный анализ, 5.2.2. - Математические, статистические и инструментальные методы в экономике, 1.1.2. - Дифференциальные уравнения и математическая физика, 2.2.10. - Метрология и метрологическое обеспечение, 1.1.4. - Теория вероятностей и математическая статистика, 2.5.1. - Инженерная геометрия и компьютерная графика. Цифровая поддержка жизненного цикла изделий, 5.12.1. - Междисциплинарные исследования когнитивных процессов
74, Кафедра информатики, 2.3.2. - Вычислительные системы и их элементы, 1.2.1. - Искусственный интеллект и машинное обучение, 5.7.9. - Философия религии и религиоведение, 2.2.16. - Радиолокация и радионавигация, 1.3.6. - Оптика, 5.7.6. - Философия науки и техники, 2.9.8. - Интеллектуальные транспортные системы, 5.8.3. - Коррекционная педагогика, 1.1.6. - Вычислительная математика, 1.6.5. - Литология, 5.6.8. - Документалистика, документоведение, архивоведение, 5.11.1. - Теоретическая теология (по исследовательскому направлению: православие, ислам, иудаизм, протестантизм, буддизм), 5.10.4. - Библиотековедение, библиографоведение и книговедение, 5.1.2. - Публично-правовые (государственно-правовые) науки, 5.9.8. - Теоретическая, прикладная и сравнительно-сопоставительная лингвистика, 2.3.1. - Системный анализ, управление и обработка информации, статистика, 5.8.1. - Общая педагогика, история педагогики и образования, 5.8.2. - Теория и методика обучения и воспитания (по областям и уровням образования), 5.8.7. - Методология и технология профессионального образования, 2.5.8. - Сварка, родственные процессы и технологии, 5.1.4. - Уголовно-правовые науки, 5.2.6. - Менеджмент, 5.3.3. - Психология труда, инженерная психология, когнитивная эргономика, 5.2.4. - Финансы, 2.3.5. - Математическое и программное обеспечение вычислительных систем, комплексов и компьютерных сетей, 3.3.9. - Медицинская информатика, 1.2.3. - Теоретическая информатика, кибернетика, 2.2.13. - Радиотехника, в том числе системы и устройства телевидения, 2.2.14. - Антенны, СВЧ-устройства и их технологии, 1.1.1. - Вещественный, комплексный и функциональный анализ, 5.6.2. - Всеобщая история, 2.3.8. - Информатика и информационные процессы, 5.3.4. - Педагогическая психология, психодиагностика цифровых образовательных сред, 5.6.6. - История науки и техники, 2.3.4. - Управление в организационных системах, 2.2.15. - Системы, сети и устройства телекоммуникаций, 2.3.6. - Методы и системы защиты информации, информационная безопасность, 2.2.9. - Проектирование и технология приборостроения и радиоэлектронной аппаратуры, 2.2.11. - Информационно-измерительные и управляющие системы, 5.7.1. - Онтология и теория познания, 5.12.1. - Междисциплинарные исследования когнитивных процессов, 1.2.4. - Кибербезопасность, 1.4.5. - Хемоинформатика
75, Кафедра физики, 1.3.18. - Физика пучков заряженных частиц и ускорительная техника, 1.3.6. - Оптика, 5.7.6. - Философия науки и техники, 1.3.9. - Физика плазмы, 1.3.13. - Электрофизика, электрофизические установки, 1.3.4. - Радиофизика, 2.2.7. - Фотоника, 1.3.17. - Химическая физика, горение и взрыв, физика экстремальных состояний вещества, 1.3.21. - Медицинская физика, 1.3.10. - Физика низких температур, 5.1.1. - Теоретико-исторические правовые науки, 5.8.5. - Теория и методика спорта, 1.3.3. - Теоретическая физика, 1.3.8. - Физика конденсированного состояния, 1.3.14. - Теплофизика и теоретическая теплотехника, 1.1.7. - Теоретическая механика, динамика машин, 1.3.1. - Физика космоса, астрономия, 3.1.20. - Кардиология, 5.7.2. - История философии, 3.1.15. - Сердечно-сосудистая хирургия, 1.3.19. - Лазерная физика, 5.8.4. - Физическая культура и профессиональная физическая подготовка, 1.1.2. - Дифференциальные уравнения и математическая физика, 1.3.11. - Физика полупроводников, 1.3.15. - Физика атомных ядер и элементарных частиц, физика высоких энергий, 1.3.2. - Приборы и методы экспериментальной физики, 2.4.4. - Электротехнология и электрофизика, 1.3.12. - Физика магнитных явлений
76, Кафедра авиационных двигателей, 2.9.5. - Эксплуатация автомобильного транспорта, 3.3.7. - Авиационная, космическая и морская медицина, 2.5.3. - Трение и износ в машинах, 2.5.16. - Динамика, баллистика, управление движением летательных аппаратов, 1.6.19. - Аэрокосмические исследования Земли, фотограмметрия, 2.5.15. - Тепловые, электроракетные двигатели и энергоустановки летательных аппаратов, 2.4.7. - Турбомашины и поршневые двигатели, 2.5.10. - Гидравлические машины, вакуумная, компрессорная техника, гидро- и пневмосистемы, 2.9.6. - Аэронавигация и эксплуатация авиационной техники, 2.9.4. - Управление процессами перевозок, 2.5.12. - Аэродинамика и процессы теплообмена летательных аппаратов, 2.5.13. - Проектирование, конструкция, производство, испытания и эксплуатация летательных аппаратов, 2.5.14. - Прочность и тепловые режимы летательных аппаратов
77, Кафедра физики твёрдого тела, 2.4.6. - Теоретическая и прикладная теплотехника, 1.3.18. - Физика пучков заряженных частиц и ускорительная техника, 1.3.9. - Физика плазмы, 1.3.13. - Электрофизика, электрофизические установки, 1.3.4. - Радиофизика, 2.2.7. - Фотоника, 3.1.3. - Оториноларингология, 1.3.17. - Химическая физика, горение и взрыв, физика экстремальных состояний вещества, 1.3.21. - Медицинская физика, 3.1.35. - Военно-полевая терапия, 3.1.14. - Трансплантология и искусственные органы, 1.3.10. - Физика низких температур, 5.8.5. - Теория и методика спорта, 1.5.5. - Физиология человека и животных, 3.1.8. - Травматология и ортопедия, 1.3.3. - Теоретическая физика, 1.3.8. - Физика конденсированного состояния, 1.3.14. - Теплофизика и теоретическая теплотехника, 1.1.7. - Теоретическая механика, динамика машин, 1.3.1. - Физика космоса, астрономия, 3.1.20. - Кардиология, 1.1.8. - Механика деформируемого твердого тела, 3.1.15. - Сердечно-сосудистая хирургия, 1.3.19. - Лазерная физика, 5.8.4. - Физическая культура и профессиональная физическая подготовка, 1.3.15. - Физика атомных ядер и элементарных частиц, физика высоких энергий, 1.3.2. - Приборы и методы экспериментальной физики, 1.4.15. - Химия твердого тела, 1.5.2. - Биофизика, 1.3.12. - Физика магнитных явлений
78, Кафедра мостов и транспортных сооружений, 2.9.7. - Эксплуатация водного транспорта, водные пути сообщения и гидрография, 2.1.4. - Водоснабжение, канализация, строительные системы охраны водных ресурсов, 2.9.5. - Эксплуатация автомобильного транспорта, 2.5.19. - Технология судостроения, судоремонта и организация судостроительного производства, 2.9.8. - Интеллектуальные транспортные системы, 2.1.15. - Безопасность объектов строительства, 2.9.2. - Железнодорожный путь, изыскание и проектирование железных дорог, 2.2.5. - Приборы навигации, 2.1.10. - Экологическая безопасность строительства и городского хозяйства, 2.1.1. - Строительные конструкции, здания и сооружения, 2.1.14. - Управление жизненным циклом объектов строительства, 4.3.4. - Технологии, машины и оборудование для лесного хозяйства и переработки древесины, 2.9.1. - Транспортные и транспортно-технологические системы страны, ее регионов и городов, организация производства, 2.9.9. - Логистические транспортные системы, 2.5.11. - Наземные транспортно-технологические средства и комплексы, 2.1.8. - Проектирование и строительство дорог, метрополитенов, аэродромов, мостов и транспортных тоннелей, 2.9.3. - Подвижной состав железных дорог, тяга поездов и электрификация, 2.9.4. - Управление процессами перевозок, 1.6.13. - Экономическая, социальная, политическая и рекреационная география, 2.1.11. - Теория и история архитектуры, реставрация и реконструкция историко-архитектурного наследия, 2.1.12. - Архитектура зданий и сооружений. Творческие концепции архитектурной деятельности, 2.1.13. - Градостроительство, планировка сельских населенных пунктов, 2.9.10. - Техносферная безопасность транспортных систем
79, Кафедра горного дела / грунтоведения / горного дела, 4.1.5. - Мелиорация, водное хозяйство и агрофизика, 1.6.6. - Гидрогеология, 2.8.2. - Технология бурения и освоения скважин, 1.6.15. - Землеустройство, кадастр и мониторинг земель, 2.1.4. - Водоснабжение, канализация, строительные системы охраны водных ресурсов, 1.6.22. - Геодезия, 1.6.14. - Геоморфология и палеогеография, 5.11.1. - Теоретическая теология (по исследовательскому направлению: православие, ислам, иудаизм, протестантизм, буддизм), 1.6.11. - Геология, поиски, разведка и эксплуатация нефтяных и газовых месторождений, 2.8.1. - Технология и техника геологоразведочных работ, 2.1.5. - Строительные материалы и изделия, 2.6.17. - Материаловедение, 5.6.1. - Отечественная история, 4.1.6. - Лесоведение, лесоводство, лесные культуры, агролесомелиорация, озеленение, лесная пирология и таксация, 1.6.9. - Геофизика, 2.8.6. - Геомеханика, разрушение горных пород, рудничная аэрогазодинамика и горная теплофизика, 2.8.7. - Теоретические основы проектирования горно-технических систем, 2.8.8. - Геотехнология, горные машины, 4.1.3. - Агрохимия, агропочвоведение, защита и карантин растений, 4.1.1. - Общее земледелие и растениеводство, 2.1.2. - Основания и фундаменты, подземные сооружения, 2.1.6. - Гидротехническое строительство, гидравлика и инженерная гидрология, 1.6.12. - Физическая география и биогеография, география почв и геохимия ландшафтов, 1.6.7. - Инженерная геология, мерзлотоведение и грунтоведение, 1.6.21. - Геоэкология, 5.6.2. - Всеобщая история, 1.6.1. - Общая и региональная геология. Геотектоника и геодинамика, 1.6.10. - Геология, поиски и разведка твердых полезных ископаемых, минерагения, 1.6.4. - Минералогия, кристаллография. Геохимия, геохимические методы поисков полезных ископаемых, 2.2.10. - Метрология и метрологическое обеспечение, 1.6.20. - Геоинформатика, картография, 2.8.3. - Горнопромышленная и нефтегазопромысловая геология, геофизика, маркшейдерское дело и геометрия недр, 2.1.11. - Теория и история архитектуры, реставрация и реконструкция историко-архитектурного наследия, 2.1.13. - Градостроительство, планировка сельских населенных пунктов, 2.8.9. - Обогащение полезных ископаемых, 2.1.16. - Охрана труда в строительстве
80, Кафедра дифференциальных уравнений, 2.2.4. - Приборы и методы измерения (по видам измерений), 1.1.5. - Математическая логика, алгебра, теория чисел и дискретная математика, 1.1.6. - Вычислительная математика, 5.7.5. - Логика, 3.1.3. - Оториноларингология, 5.9.8. - Теоретическая, прикладная и сравнительно-сопоставительная лингвистика, 1.3.8. - Физика конденсированного состояния, 1.2.2. - Математическое моделирование, численные методы и комплексы программ, 5.2.1. - Экономическая теория, 1.1.1. - Вещественный, комплексный и функциональный анализ, 1.1.3. - Геометрия и топология, 5.2.2. - Математические, статистические и инструментальные методы в экономике, 1.1.2. - Дифференциальные уравнения и математическая физика, 2.2.10. - Метрология и метрологическое обеспечение, 1.1.4. - Теория вероятностей и математическая статистика
81, Кафедра математических методов в экономике, 1.1.5. - Математическая логика, алгебра, теория чисел и дискретная математика, 1.1.6. - Вычислительная математика, 5.7.5. - Логика, 1.5.8. - Математическая биология, биоинформатика, 5.9.8. - Теоретическая, прикладная и сравнительно-сопоставительная лингвистика, 5.2.5. - Мировая экономика, 5.8.2. - Теория и методика обучения и воспитания (по областям и уровням образования), 5.8.5. - Теория и методика спорта, 5.3.5. - Социальная психология, политическая и экономическая психология, 5.2.3. - Региональная и отраслевая экономика, 1.2.2. - Математическое моделирование, численные методы и комплексы программ, 5.2.4. - Финансы, 5.2.1. - Экономическая теория, 5.2.2. - Математические, статистические и инструментальные методы в экономике, 1.1.2. - Дифференциальные уравнения и математическая физика, 1.1.4. - Теория вероятностей и математическая статистика, 5.4.2. - Экономическая социология
82, Кафедра неорганической химии / технологии неорганических веществ, 2.6.4. - Обработка металлов давлением, 2.6.13. - Процессы и аппараты химических технологий, 1.4.14. - Кинетика и катализ, 2.6.3. - Литейное производство, 1.4.13. - Радиохимия, 3.3.4. - Токсикология, 2.6.9. - Технология электрохимических процессов и защита от коррозии, 2.6.10. - Технология органических веществ, 1.3.17. - Химическая физика, горение и взрыв, физика экстремальных состояний вещества, 1.1.10. - Биомеханика и биоинженерия, 2.6.15. - Мембраны и мембранная технология, 2.2.1. - Вакуумная и плазменная электроника, 2.2.6. - Оптические и оптико-электронные приборы и комплексы, 2.6.7. - Технология неорганических веществ, 1.4.9. - Биоорганическая химия, 1.3.20. - Кристаллография, физика кристаллов, 1.4.4. - Физическая химия, 2.6.12. - Химическая технология топлива и высокоэнергетических веществ, 1.3.16. - Атомная и молекулярная физика, 1.5.3. - Молекулярная биология, 1.5.6. - Биотехнология, 2.6.17. - Материаловедение, 1.4.7. - Высокомолекулярные соединения, 2.2.8. - Методы и приборы контроля и диагностики материалов, изделий, веществ и природной, 1.1.9. - Механика жидкости, газа и плазмы, 4.1.3. - Агрохимия, агропочвоведение, защита и карантин растений, 2.2.12. - Приборы, системы и изделия медицинского назначения, 1.4.3. - Органическая химия, 1.4.8. - Химия элементоорганических соединений, 3.3.6. - Фармакология, клиническая фармакология, 2.6.16. - Технология производства изделий текстильной и легкой промышленности, 2.6.11. - Технология и переработка синтетических и природных полимеров и композитов, 1.4.16. - Медицинская химия, 1.5.4. - Биохимия, 2.2.14. - Антенны, СВЧ-устройства и их технологии, 2.6.2. - Металлургия черных, цветных и редких металлов, 1.4.1. - Неорганическая химия, 2.2.2. - Электронная компонентная база микро- и наноэлектроники, квантовых устройств, 2.2.3. - Технология и оборудование для производства материалов и приборов электронной техники, 1.6.4. - Минералогия, кристаллография. Геохимия, геохимические методы поисков полезных ископаемых, 5.6.6. - История науки и техники, 2.5.9. - Методы и приборы контроля и диагностики материалов, изделий, веществ и природной, 1.4.10. - Коллоидная химия, 2.6.14. - Технология силикатных и тугоплавких неметаллических материалов, 2.6.1. - Металловедение и термическая обработка металлов и сплавов, 2.6.8. - Технология редких, рассеянных и радиоактивных элементов, 3.4.3. - Организация фармацевтического дела, 1.4.15. - Химия твердого тела, 2.6.6. - Нанотехнологии и наноматериалы, 1.4.2. - Аналитическая химия, 2.6.5. - Порошковая металлургия и композиционные материалы, 1.4.6. - Электрохимия, 1.4.11. - Бионеорганическая химия
83, Кафедра оснований и фундаментов, 1.6.15. - Землеустройство, кадастр и мониторинг земель, 5.7.9. - Философия религии и религиоведение, 5.8.3. - Коррекционная педагогика, 2.1.15. - Безопасность объектов строительства, 5.4.7. - Социология управления, 5.4.1. - Теория, методология и история социологии, 1.6.2. - Палеонтология и стратиграфия, 1.6.5. - Литология, 1.6.22. - Геодезия, 1.6.14. - Геоморфология и палеогеография, 5.11.1. - Теоретическая теология (по исследовательскому направлению: православие, ислам, иудаизм, протестантизм, буддизм), 5.4.5. - Политическая социология, 2.1.10. - Экологическая безопасность строительства и городского хозяйства, 5.10.4. - Библиотековедение, библиографоведение и книговедение, 2.1.1. - Строительные конструкции, здания и сооружения, 5.1.1. - Теоретико-исторические правовые науки, 5.1.2. - Публично-правовые (государственно-правовые) науки, 2.1.14. - Управление жизненным циклом объектов строительства, 5.8.1. - Общая педагогика, история педагогики и образования, 5.8.2. - Теория и методика обучения и воспитания (по областям и уровням образования), 5.1.4. - Уголовно-правовые науки, 5.6.1. - Отечественная история, 4.1.6. - Лесоведение, лесоводство, лесные культуры, агролесомелиорация, озеленение, лесная пирология и таксация, 1.6.9. - Геофизика, 2.8.7. - Теоретические основы проектирования горно-технических систем, 4.1.1. - Общее земледелие и растениеводство, 2.1.2. - Основания и фундаменты, подземные сооружения, 5.4.4. - Социальная структура, социальные институты и процессы, 5.7.7. - Социальная и политическая философия, 5.5.3. - Государственное управление и отраслевые политики, 5.7.2. - История философии, 1.1.1. - Вещественный, комплексный и функциональный анализ, 1.6.1. - Общая и региональная геология. Геотектоника и геодинамика, 1.6.10. - Геология, поиски и разведка твердых полезных ископаемых, минерагения, 3.1.29. - Пульмонология, 5.7.1. - Онтология и теория познания, 5.2.7. - Государственное и муниципальное управление, 2.1.11. - Теория и история архитектуры, реставрация и реконструкция историко-архитектурного наследия, 2.1.12. - Архитектура зданий и сооружений. Творческие концепции архитектурной деятельности, 2.1.13. - Градостроительство, планировка сельских населенных пунктов, 2.1.16. - Охрана труда в строительстве
84, Кафедра аэродинамики, 3.3.7. - Авиационная, космическая и морская медицина, 2.5.16. - Динамика, баллистика, управление движением летательных аппаратов, 1.6.19. - Аэрокосмические исследования Земли, фотограмметрия, 2.5.17. - Теория корабля и строительная механика, 5.8.5. - Теория и методика спорта, 1.6.18. - Науки об атмосфере и климате, 2.5.15. - Тепловые, электроракетные двигатели и энергоустановки летательных аппаратов, 2.4.7. - Турбомашины и поршневые двигатели, 2.5.10. - Гидравлические машины, вакуумная, компрессорная техника, гидро- и пневмосистемы, 2.9.6. - Аэронавигация и эксплуатация авиационной техники, 5.8.4. - Физическая культура и профессиональная физическая подготовка, 2.5.12. - Аэродинамика и процессы теплообмена летательных аппаратов, 2.5.13. - Проектирование, конструкция, производство, испытания и эксплуатация летательных аппаратов, 2.5.14. - Прочность и тепловые режимы летательных аппаратов
85, Кафедра биологии, 5.7.9. - Философия религии и религиоведение, 3.1.23. - Дерматовенерология, 3.3.4. - Токсикология, 1.5.9. - Ботаника, 1.5.8. - Математическая биология, биоинформатика, 3.1.3. - Оториноларингология, 5.3.8. - Коррекционная психология и дефектология, 1.1.10. - Биомеханика и биоинженерия, 1.6.5. - Литология, 1.3.21. - Медицинская физика, 3.1.19. - Эндокринология, 1.5.14. - Энтомология, 3.1.14. - Трансплантология и искусственные органы, 3.2.5. - Медицинская психология, 1.5.3. - Молекулярная биология, 1.5.7. - Генетика, 3.2.1. - Гигиена, 3.2.4. - Медицина труда, 1.5.5. - Физиология человека и животных, 1.5.6. - Биотехнология, 3.1.33. - Восстановительная медицина, спортивная медицина, лечебная физкультура, курортология и физиотерапия, медико-социальная реабилитация, 3.1.8. - Травматология и ортопедия, 1.5.17. - Паразитология, 1.5.15. - Экология, 3.3.9. - Медицинская информатика, 2.2.12. - Приборы, системы и изделия медицинского назначения, 3.1.12. - Анестезиология и реаниматология, 3.1.4. - Акушерство и гинекология, 3.1.20. - Кардиология, 3.1.21. - Педиатрия, 3.1.9. - Хирургия, 1.5.4. - Биохимия, 3.1.6. - Онкология, лучевая терапия, 3.1.30. - Гастроэнтерология и диетология, 3.1.18. - Внутренние болезни, 1.5.18. - Микология, 3.1.29. - Пульмонология, 4.1.4. - Садоводство, овощеводство, виноградарство и лекарственные культуры, 3.1.13. - Урология и андрология, 1.5.2. - Биофизика, 1.5.24. - Нейробиология, 1.4.5. - Хемоинформатика
86, Кафедра автоматизации проектирования, 2.3.2. - Вычислительные системы и их элементы, 1.2.1. - Искусственный интеллект и машинное обучение, 2.5.2. - Машиноведение, 4.3.1. - Технологии, машины и оборудование для агропромышленного комплекса, 2.5.21. - Машины, агрегаты и технологические процессы, 1.2.2. - Математическое моделирование, численные методы и комплексы программ, 2.3.7. - Компьютерное моделирование и автоматизация проектирования, 2.6.16. - Технология производства изделий текстильной и легкой промышленности, 2.2.3. - Технология и оборудование для производства материалов и приборов электронной техники, 2.3.3. - Автоматизация и управление технологическими процессами и производствами, 2.5.5. - Технология и оборудование механической и физико-технической обработки, 2.5.6. - Технология машиностроения, 2.2.9. - Проектирование и технология приборостроения и радиоэлектронной аппаратуры, 2.5.4. - Роботы, мехатроника и робототехнические системы, 2.5.1. - Инженерная геометрия и компьютерная графика. Цифровая поддержка жизненного цикла изделий, 2.5.13. - Проектирование, конструкция, производство, испытания и эксплуатация летательных аппаратов
87, Кафедра химической экологии, 2.10.2. - Экологическая безопасность, 2.6.13. - Процессы и аппараты химических технологий, 1.4.14. - Кинетика и катализ, 2.6.3. - Литейное производство, 2.6.9. - Технология электрохимических процессов и защита от коррозии, 2.6.10. - Технология органических веществ, 1.1.10. - Биомеханика и биоинженерия, 2.6.7. - Технология неорганических веществ, 1.4.9. - Биоорганическая химия, 2.1.10. - Экологическая безопасность строительства и городского хозяйства, 1.4.4. - Физическая химия, 2.6.12. - Химическая технология топлива и высокоэнергетических веществ, 1.5.3. - Молекулярная биология, 1.5.6. - Биотехнология, 1.6.18. - Науки об атмосфере и климате, 1.4.7. - Высокомолекулярные соединения, 2.2.8. - Методы и приборы контроля и диагностики материалов, изделий, веществ и природной, 4.1.3. - Агрохимия, агропочвоведение, защита и карантин растений, 1.5.15. - Экология, 1.4.3. - Органическая химия, 1.4.8. - Химия элементоорганических соединений, 2.6.11. - Технология и переработка синтетических и природных полимеров и композитов, 1.4.16. - Медицинская химия, 1.5.4. - Биохимия, 1.4.1. - Неорганическая химия, 2.5.9. - Методы и приборы контроля и диагностики материалов, изделий, веществ и природной, 1.4.10. - Коллоидная химия, 1.4.2. - Аналитическая химия, 1.5.2. - Биофизика, 1.4.6. - Электрохимия, 1.4.12. - Нефтехимия, 2.8.9. - Обогащение полезных ископаемых, 1.4.11. - Бионеорганическая химия
88, Кафедра Педагогика, 5.7.4. - Этика, 5.7.9. - Философия религии и религиоведение, 3.3.5. - Судебная медицина, 5.8.3. - Коррекционная педагогика, 5.4.7. - Социология управления, 1.5.9. - Ботаника, 5.4.1. - Теория, методология и история социологии, 5.3.8. - Коррекционная психология и дефектология, 1.6.5. - Литология, 5.11.1. - Теоретическая теология (по исследовательскому направлению: православие, ислам, иудаизм, протестантизм, буддизм), 5.10.4. - Библиотековедение, библиографоведение и книговедение, 3.2.5. - Медицинская психология, 5.1.1. - Теоретико-исторические правовые науки, 5.1.2. - Публично-правовые (государственно-правовые) науки, 5.9.8. - Теоретическая, прикладная и сравнительно-сопоставительная лингвистика, 5.8.1. - Общая педагогика, история педагогики и образования, 5.8.2. - Теория и методика обучения и воспитания (по областям и уровням образования), 5.8.5. - Теория и методика спорта, 5.8.7. - Методология и технология профессионального образования, 5.3.5. - Социальная психология, политическая и экономическая психология, 5.1.4. - Уголовно-правовые науки, 5.6.1. - Отечественная история, 5.2.6. - Менеджмент, 4.1.1. - Общее земледелие и растениеводство, 5.4.4. - Социальная структура, социальные институты и процессы, 5.7.7. - Социальная и политическая философия, 5.7.2. - История философии, 5.6.2. - Всеобщая история, 5.8.4. - Физическая культура и профессиональная физическая подготовка, 5.3.4. - Педагогическая психология, психодиагностика цифровых образовательных сред, 3.1.29. - Пульмонология, 5.7.1. - Онтология и теория познания, 5.12.1. - Междисциплинарные исследования когнитивных процессов
89, Кафедра Финансы, 5.4.5. - Политическая социология, 5.2.5. - Мировая экономика, 5.3.5. - Социальная психология, политическая и экономическая психология, 5.2.3. - Региональная и отраслевая экономика, 5.2.6. - Менеджмент, 5.2.4. - Финансы, 5.2.1. - Экономическая теория, 5.2.2. - Математические, статистические и инструментальные методы в экономике, 5.4.2. - Экономическая социология
90, Кафедра химии твёрдого тела, 2.6.4. - Обработка металлов давлением, 2.6.13. - Процессы и аппараты химических технологий, 3.1.23. - Дерматовенерология, 1.4.14. - Кинетика и катализ, 1.4.13. - Радиохимия, 3.3.4. - Токсикология, 3.3.7. - Авиационная, космическая и морская медицина, 3.1.3. - Оториноларингология, 1.3.17. - Химическая физика, горение и взрыв, физика экстремальных состояний вещества, 1.1.10. - Биомеханика и биоинженерия, 1.3.21. - Медицинская физика, 3.1.35. - Военно-полевая терапия, 2.6.15. - Мембраны и мембранная технология, 2.6.7. - Технология неорганических веществ, 3.1.14. - Трансплантология и искусственные органы, 1.4.9. - Биоорганическая химия, 1.3.20. - Кристаллография, физика кристаллов, 1.4.4. - Физическая химия, 1.3.16. - Атомная и молекулярная физика, 1.5.3. - Молекулярная биология, 3.2.4. - Медицина труда, 1.5.5. - Физиология человека и животных, 3.1.33. - Восстановительная медицина, спортивная медицина, лечебная физкультура, курортология и физиотерапия, медико-социальная реабилитация, 3.1.8. - Травматология и ортопедия, 1.4.7. - Высокомолекулярные соединения, 2.2.8. - Методы и приборы контроля и диагностики материалов, изделий, веществ и природной, 1.1.9. - Механика жидкости, газа и плазмы, 1.4.3. - Органическая химия, 1.4.8. - Химия элементоорганических соединений, 3.3.6. - Фармакология, клиническая фармакология, 3.1.12. - Анестезиология и реаниматология, 1.1.8. - Механика деформируемого твердого тела, 3.1.15. - Сердечно-сосудистая хирургия, 3.1.9. - Хирургия, 1.4.16. - Медицинская химия, 1.5.4. - Биохимия, 2.6.2. - Металлургия черных, цветных и редких металлов, 1.1.1. - Вещественный, комплексный и функциональный анализ, 1.4.1. - Неорганическая химия, 3.1.30. - Гастроэнтерология и диетология, 5.8.4. - Физическая культура и профессиональная физическая подготовка, 1.5.18. - Микология, 2.5.9. - Методы и приборы контроля и диагностики материалов, изделий, веществ и природной, 1.4.10. - Коллоидная химия, 2.6.1. - Металловедение и термическая обработка металлов и сплавов, 1.3.15. - Физика атомных ядер и элементарных частиц, физика высоких энергий, 2.6.8. - Технология редких, рассеянных и радиоактивных элементов, 1.4.15. - Химия твердого тела, 1.4.2. - Аналитическая химия, 1.5.2. - Биофизика, 1.4.6. - Электрохимия, 1.5.24. - Нейробиология, 1.4.11. - Бионеорганическая химия
91, Кафедра программирования и компьютерной графики, 2.3.2. - Вычислительные системы и их элементы, 1.2.1. - Искусственный интеллект и машинное обучение, 1.1.6. - Вычислительная математика, 1.2.2. - Математическое моделирование, численные методы и комплексы программ, 2.3.7. - Компьютерное моделирование и автоматизация проектирования, 2.3.5. - Математическое и программное обеспечение вычислительных систем, комплексов и компьютерных сетей, 2.5.1. - Инженерная геометрия и компьютерная графика. Цифровая поддержка жизненного цикла изделий, 1.4.5. - Хемоинформатика
92, Кафедра гидрогеологии и инженерной геологии, 4.1.5. - Мелиорация, водное хозяйство и агрофизика, 1.6.6. - Гидрогеология, 2.1.4. - Водоснабжение, канализация, строительные системы охраны водных ресурсов, 1.6.2. - Палеонтология и стратиграфия, 1.6.22. - Геодезия, 1.6.14. - Геоморфология и палеогеография, 1.6.11. - Геология, поиски, разведка и эксплуатация нефтяных и газовых месторождений, 2.8.1. - Технология и техника геологоразведочных работ, 1.6.9. - Геофизика, 2.8.6. - Геомеханика, разрушение горных пород, рудничная аэрогазодинамика и горная теплофизика, 2.8.7. - Теоретические основы проектирования горно-технических систем, 2.8.8. - Геотехнология, горные машины, 1.6.12. - Физическая география и биогеография, география почв и геохимия ландшафтов, 1.6.7. - Инженерная геология, мерзлотоведение и грунтоведение, 1.6.21. - Геоэкология, 1.6.1. - Общая и региональная геология. Геотектоника и геодинамика, 1.6.10. - Геология, поиски и разведка твердых полезных ископаемых, минерагения, 1.6.4. - Минералогия, кристаллография. Геохимия, геохимические методы поисков полезных ископаемых, 1.6.20. - Геоинформатика, картография, 2.8.3. - Горнопромышленная и нефтегазопромысловая геология, геофизика, маркшейдерское дело и геометрия недр
93, Кафедра геологии и разведки нефтегазовых месторождений, 2.8.4. - Разработка и эксплуатация нефтяных и газовых месторождений, 1.6.14. - Геоморфология и палеогеография, 1.6.11. - Геология, поиски, разведка и эксплуатация нефтяных и газовых месторождений, 2.8.1. - Технология и техника геологоразведочных работ, 5.9.5. - Русский язык. Языки народов России, 1.6.9. - Геофизика, 2.8.6. - Геомеханика, разрушение горных пород, рудничная аэрогазодинамика и горная теплофизика, 2.8.8. - Геотехнология, горные машины, 1.6.12. - Физическая география и биогеография, география почв и геохимия ландшафтов, 1.6.7. - Инженерная геология, мерзлотоведение и грунтоведение, 1.6.21. - Геоэкология, 1.6.1. - Общая и региональная геология. Геотектоника и геодинамика, 1.6.10. - Геология, поиски и разведка твердых полезных ископаемых, минерагения, 1.6.4. - Минералогия, кристаллография. Геохимия, геохимические методы поисков полезных ископаемых, 2.8.5. - Строительство и эксплуатация нефтегазопроводов, баз и хранилищ, 1.6.20. - Геоинформатика, картография, 2.8.3. - Горнопромышленная и нефтегазопромысловая геология, геофизика, маркшейдерское дело и геометрия недр, 1.4.12. - Нефтехимия, 2.8.9. - Обогащение полезных ископаемых
94, Кафедра электроники, 2.3.2. - Вычислительные системы и их элементы, 1.3.6. - Оптика, 2.5.2. - Машиноведение, 1.3.13. - Электрофизика, электрофизические установки, 1.3.5. - Физическая электроника, 2.2.1. - Вакуумная и плазменная электроника, 2.2.6. - Оптические и оптико-электронные приборы и комплексы, 4.3.2. - Электротехнологии, электрооборудование и энергоснабжение агропромышленного комплекса, 5.8.7. - Методология и технология профессионального образования, 2.5.8. - Сварка, родственные процессы и технологии, 2.4.3. - Электроэнергетика, 2.3.7. - Компьютерное моделирование и автоматизация проектирования, 2.3.5. - Математическое и программное обеспечение вычислительных систем, комплексов и компьютерных сетей, 2.4.2. - Электротехнические комплексы и системы, 1.2.3. - Теоретическая информатика, кибернетика, 2.2.13. - Радиотехника, в том числе системы и устройства телевидения, 2.2.14. - Антенны, СВЧ-устройства и их технологии, 2.2.2. - Электронная компонентная база микро- и наноэлектроники, квантовых устройств, 2.2.3. - Технология и оборудование для производства материалов и приборов электронной техники, 2.3.8. - Информатика и информационные процессы, 5.3.4. - Педагогическая психология, психодиагностика цифровых образовательных сред, 2.3.3. - Автоматизация и управление технологическими процессами и производствами, 2.2.15. - Системы, сети и устройства телекоммуникаций, 2.2.9. - Проектирование и технология приборостроения и радиоэлектронной аппаратуры, 2.4.1. - Теоретическая и прикладная электротехника, 2.5.1. - Инженерная геометрия и компьютерная графика. Цифровая поддержка жизненного цикла изделий, 2.4.4. - Электротехнология и электрофизика, 1.2.4. - Кибербезопасность, 2.4.11. - Светотехника
95, Кафедра История, 1.6.6. - Гидрогеология, 5.7.4. - Этика, 5.7.9. - Философия религии и религиоведение, 5.8.3. - Коррекционная педагогика, 5.4.7. - Социология управления, 1.5.9. - Ботаника, 5.4.1. - Теория, методология и история социологии, 5.3.8. - Коррекционная психология и дефектология, 1.6.2. - Палеонтология и стратиграфия, 1.6.5. - Литология, 5.6.8. - Документалистика, документоведение, архивоведение, 1.6.22. - Геодезия, 1.5.14. - Энтомология, 1.6.14. - Геоморфология и палеогеография, 5.11.1. - Теоретическая теология (по исследовательскому направлению: православие, ислам, иудаизм, протестантизм, буддизм), 5.4.5. - Политическая социология, 5.10.4. - Библиотековедение, библиографоведение и книговедение, 5.1.1. - Теоретико-исторические правовые науки, 5.1.2. - Публично-правовые (государственно-правовые) науки, 5.9.5. - Русский язык. Языки народов России, 5.2.5. - Мировая экономика, 5.8.1. - Общая педагогика, история педагогики и образования, 5.8.5. - Теория и методика спорта, 3.1.8. - Травматология и ортопедия, 5.3.5. - Социальная психология, политическая и экономическая психология, 5.1.4. - Уголовно-правовые науки, 5.6.1. - Отечественная история, 1.5.17. - Паразитология, 5.4.4. - Социальная структура, социальные институты и процессы, 5.7.7. - Социальная и политическая философия, 5.5.3. - Государственное управление и отраслевые политики, 3.1.20. - Кардиология, 3.1.21. - Педиатрия, 5.7.2. - История философии, 5.6.2. - Всеобщая история, 5.6.7. - История международных отношений и внешней политики, 3.1.30. - Гастроэнтерология и диетология, 3.3.1. - Анатомия и антропология, 5.6.6. - История науки и техники, 3.1.29. - Пульмонология, 1.6.13. - Экономическая, социальная, политическая и рекреационная география, 5.7.1. - Онтология и теория познания, 5.2.7. - Государственное и муниципальное управление, 5.4.2. - Экономическая социология, 2.1.11. - Теория и история архитектуры, реставрация и реконструкция историко-архитектурного наследия
96, Кафедра медицинской кибернетики, 3.3.5. - Судебная медицина, 3.3.7. - Авиационная, космическая и морская медицина, 3.1.35. - Военно-полевая терапия, 5.6.8. - Документалистика, документоведение, архивоведение, 3.1.14. - Трансплантология и искусственные органы, 2.4.10. - Техносферная безопасность (в энергетике), 3.2.5. - Медицинская психология, 3.2.4. - Медицина труда, 3.1.33. - Восстановительная медицина, спортивная медицина, лечебная физкультура, курортология и физиотерапия, медико-социальная реабилитация, 5.1.4. - Уголовно-правовые науки, 3.3.9. - Медицинская информатика, 2.2.12. - Приборы, системы и изделия медицинского назначения, 3.1.12. - Анестезиология и реаниматология, 3.1.4. - Акушерство и гинекология, 1.2.3. - Теоретическая информатика, кибернетика, 3.1.15. - Сердечно-сосудистая хирургия, 3.1.9. - Хирургия, 3.2.6. - Безопасность в чрезвычайных ситуациях, 3.1.6. - Онкология, лучевая терапия, 3.1.18. - Внутренние болезни, 5.3.4. - Педагогическая психология, психодиагностика цифровых образовательных сред, 2.3.6. - Методы и системы защиты информации, информационная безопасность, 1.2.4. - Кибербезопасность
97, Кафедра Агрономия, Кафедра Агрономия, Кафедра Агрономия, 4.1.5. - Мелиорация, водное хозяйство и агрофизика, 1.6.6. - Гидрогеология, 5.7.4. - Этика, 5.7.9. - Философия религии и религиоведение, 3.1.23. - Дерматовенерология, 1.5.9. - Ботаника, 3.1.3. - Оториноларингология, 1.6.2. - Палеонтология и стратиграфия, 1.6.5. - Литология, 3.1.19. - Эндокринология, 1.5.14. - Энтомология, 1.6.14. - Геоморфология и палеогеография, 5.11.1. - Теоретическая теология (по исследовательскому направлению: православие, ислам, иудаизм, протестантизм, буддизм), 5.10.4. - Библиотековедение, библиографоведение и книговедение, 1.5.7. - Генетика, 5.8.1. - Общая педагогика, история педагогики и образования, 1.5.5. - Физиология человека и животных, 3.1.33. - Восстановительная медицина, спортивная медицина, лечебная физкультура, курортология и физиотерапия, медико-социальная реабилитация, 3.1.8. - Травматология и ортопедия, 5.6.1. - Отечественная история, 4.1.6. - Лесоведение, лесоводство, лесные культуры, агролесомелиорация, озеленение, лесная пирология и таксация, 1.6.18. - Науки об атмосфере и климате, 4.1.3. - Агрохимия, агропочвоведение, защита и карантин растений, 4.1.1. - Общее земледелие и растениеводство, 1.5.17. - Паразитология, 1.5.15. - Экология, 3.1.4. - Акушерство и гинекология, 3.1.21. - Педиатрия, 1.6.12. - Физическая география и биогеография, география почв и геохимия ландшафтов, 3.1.9. - Хирургия, 3.1.30. - Гастроэнтерология и диетология, 3.3.1. - Анатомия и антропология, 1.6.1. - Общая и региональная геология. Геотектоника и геодинамика, 1.5.18. - Микология, 3.1.29. - Пульмонология, 4.1.4. - Садоводство, овощеводство, виноградарство и лекарственные культуры, 3.1.13. - Урология и андрология
98, Кафедра станков и инструментов, 2.8.2. - Технология бурения и освоения скважин, 2.2.4. - Приборы и методы измерения (по видам измерений), 2.1.7. - Технология и организация строительства, 2.5.19. - Технология судостроения, судоремонта и организация судостроительного производства, 2.5.2. - Машиноведение, 2.9.2. - Железнодорожный путь, изыскание и проектирование железных дорог, 5.6.8. - Документалистика, документоведение, архивоведение, 2.6.15. - Мембраны и мембранная технология, 5.10.4. - Библиотековедение, библиографоведение и книговедение, 4.3.1. - Технологии, машины и оборудование для агропромышленного комплекса, 2.1.5. - Строительные материалы и изделия, 2.5.21. - Машины, агрегаты и технологические процессы, 5.8.2. - Теория и методика обучения и воспитания (по областям и уровням образования), 5.8.7. - Методология и технология профессионального образования, 2.5.8. - Сварка, родственные процессы и технологии, 2.6.17. - Материаловедение, 2.2.8. - Методы и приборы контроля и диагностики материалов, изделий, веществ и природной, 2.5.22. - Управление качеством продукции. Стандартизация. Организация производства, 4.3.4. - Технологии, машины и оборудование для лесного хозяйства и переработки древесины, 4.3.3. - Пищевые системы, 2.2.12. - Приборы, системы и изделия медицинского назначения, 2.1.6. - Гидротехническое строительство, гидравлика и инженерная гидрология, 2.6.16. - Технология производства изделий текстильной и легкой промышленности, 2.2.13. - Радиотехника, в том числе системы и устройства телевидения, 2.2.14. - Антенны, СВЧ-устройства и их технологии, 2.1.9. - Строительная механика, 2.2.3. - Технология и оборудование для производства материалов и приборов электронной техники, 5.8.4. - Физическая культура и профессиональная физическая подготовка, 2.5.18. - Проектирование и конструкция судов, 5.6.6. - История науки и техники, 2.3.4. - Управление в организационных системах, 2.5.9. - Методы и приборы контроля и диагностики материалов, изделий, веществ и природной, 2.5.5. - Технология и оборудование механической и физико-технической обработки, 2.5.6. - Технология машиностроения, 2.5.7. - Технологии и машины обработки давлением, 2.2.10. - Метрология и метрологическое обеспечение, 2.2.9. - Проектирование и технология приборостроения и радиоэлектронной аппаратуры, 2.4.8. - Машины и аппараты, процессы холодильной и криогенной техники, 2.6.5. - Порошковая металлургия и композиционные материалы, 2.1.12. - Архитектура зданий и сооружений. Творческие концепции архитектурной деятельности
99, Кафедра тепловых двигателей, 2.4.6. - Теоретическая и прикладная теплотехника, 2.8.4. - Разработка и эксплуатация нефтяных и газовых месторождений, 2.9.5. - Эксплуатация автомобильного транспорта, 1.3.10. - Физика низких температур, 2.6.12. - Химическая технология топлива и высокоэнергетических веществ, 1.3.14. - Теплофизика и теоретическая теплотехника, 2.4.9. - Ядерные энергетические установки, топливный цикл, радиационная безопасность, 2.5.15. - Тепловые, электроракетные двигатели и энергоустановки летательных аппаратов, 2.4.3. - Электроэнергетика, 1.1.9. - Механика жидкости, газа и плазмы, 2.4.7. - Турбомашины и поршневые двигатели, 2.5.10. - Гидравлические машины, вакуумная, компрессорная техника, гидро- и пневмосистемы, 2.4.5. - Энергетические системы и комплексы, 2.1.3. - Теплоснабжение, вентиляция, кондиционирование воздуха, газоснабжение и освещение, 2.5.20. - Судовые энергетические установки и их элементы (главные и вспомогательные), 2.8.5. - Строительство и эксплуатация нефтегазопроводов, баз и хранилищ, 2.5.7. - Технологии и машины обработки давлением, 2.9.3. - Подвижной состав железных дорог, тяга поездов и электрификация, 2.4.8. - Машины и аппараты, процессы холодильной и криогенной техники, 2.5.12. - Аэродинамика и процессы теплообмена летательных аппаратов, 2.5.14. - Прочность и тепловые режимы летательных аппаратов, 2.10.1. - Пожарная безопасность
